{"type":"FeatureCollection","crs":{"type":"name","properties":{"name":"EPSG:28992"}},"features":[{"type":"Feature","id":1,"geometry":{"type":"Polygon","coordinates":[[[103044.871199999,443052.00629999861],[102963.38060000166,443164.13960000128],[102869.86160000041,443127.81980000064],[102821.80900000036,443078.23580000177],[102731.46979999915,442985.01709999889],[102644.70199999958,442712.85610000044],[102624.08989999816,442648.20259999856],[102704.97159999982,442583.4561999999],[102717.42810000107,442572.69409999996],[102827.56199999899,442483.58810000122],[102851.37810000032,442406.2611999996],[102874.17810000107,442414.80810000002],[102938.41600000113,442333.20820000023],[102989.34809999913,442287.67509999871],[103109.75109999999,442179.316300001],[103163.71799999848,442257.53099999949],[103147.70300000161,442272.96900000051],[103126.92199999839,442292.68699999899],[103108.29699999839,442312.125],[103084.45300000161,442337.90599999949],[103067.74199999869,442360.5],[103066.125,442363],[103054.99199999869,442378.59800000116],[103040.03400000185,442403.67000000179],[103029.31100000069,442429.09200000018],[103026.48800000176,442443.61800000072],[103022.76300000027,442467.00299999863],[103022.63899999857,442490.07299999893],[103024.1259999983,442505.52699999884],[103027.45199999958,442518.67100000009],[103034.64699999988,442543.45499999821],[103040.3740000017,442556.38800000027],[103046.19799999893,442568.36899999902],[103058.62299999967,442588.52400000021],[103071.44299999997,442607.77699999884],[103091.46000000089,442633.7490000017],[103109.03999999911,442653.62900000066],[103123.49199999869,442669.26999999955],[103138.58900000155,442683.70800000057],[103151.56300000101,442694.40300000086],[103164.07299999893,442702.69900000095],[103180.5009999983,442713.27699999884],[103191.04800000042,442719.63100000098],[103200.63899999857,442725.03799999878],[103209.82800000161,442730.14799999818],[103228.72599999979,442734.80700000003],[103278.97700000182,442748.125],[103329.65900000185,442757.6259999983],[103376.82600000128,442763.10200000182],[103409.16499999911,442768.48200000077],[103438.62700000033,442773.77800000086],[103473.65900000185,442780.48800000176],[103534.05900000036,442794.80999999866],[103617.38199999928,442816],[103641.42199999839,442822.04399999976],[103752.05099999905,442852.52899999917],[103805.29600000009,442868.24399999902],[103892.8740000017,442896.12299999967],[103938.82899999991,442907.63500000164],[103953.67199999839,442910.99700000137],[103981.84099999815,442916.52899999917],[104081.99300000072,442940.47300000116],[104135.72599999979,442953.59499999881],[104247.19000000134,442990.46200000122],[104116.10759999976,443137.06260000169],[104011.88800000027,443072.61520000175],[103907.30999999866,443059.9001000002],[103848.41000000015,443035.9001000002],[103630.96499999985,442945.84519999847],[103520.08139999956,442906.20419999957],[103396.47700000182,442850.85889999941],[103287.63149999827,442897.90230000019],[103161.7210999988,442965.23910000175],[103084.76419999823,443080.19619999826],[103044.871199999,443052.00629999861]]]},"properties":{"OBJECTID":1,"bu_naam":"Kortenoord","wk_naam":"Nieuwerkerk aan den IJssel wijk 04","gm_naam":"Zuidplas","Shape_Length":4680.998758863072,"Shape_Area":447743.09207435389}},{"type":"Feature","id":2,"geometry":{"type":"Polygon","coordinates":[[[101053.29720000178,442914.13509999961],[101032.59600000083,442927.68499999866],[101031.71000000089,442927.04100000113],[101023.05900000036,442921.60599999875],[101022.54399999976,442921.28200000152],[101009.75400000066,442912.48000000045],[100979.72599999979,442895.01700000092],[100966.38899999857,442887.26099999994],[100941.1959999986,442877.18600000069],[100916.03299999982,442870.38599999994],[100894.86300000176,442863.89900000021],[100885.0859999992,442860.87299999967],[100877.42399999872,442857.95699999854],[100873.62000000104,442856.40799999982],[100866.26399999857,442852.35000000149],[100843.34600000083,442837.26099999994],[100769.69700000063,442786.23800000176],[100760.82899999991,442780.09400000051],[100714.0009999983,442747.31700000167],[100680.49100000039,442724.43800000101],[100662.68899999931,442714.01000000164],[100660.23200000077,442712.5709999986],[100657.88899999857,442711.27699999884],[100627.12099999934,442694.28599999845],[100547.3759999983,442648.29800000042],[100535.70600000024,442641.46700000018],[100431.87099999934,442580.68400000036],[100414.12799999863,442570.80799999833],[100377.17100000009,442550.23600000143],[100324.38199999928,442526.67300000042],[100285.85099999979,442509.47399999946],[100274.57299999893,442504.625],[100270.24799999967,442502.7109999992],[100268.25499999896,442502.00499999896],[100266.31399999931,442501.52400000021],[100263.9140000008,442501.19799999893],[100261.90100000054,442501.43899999931],[100259.71000000089,442502.04399999976],[100257.43100000173,442503.01799999923],[100255.62700000033,442504.56300000101],[100253.52600000054,442506.50899999961],[100251.49599999934,442508.94299999997],[100249.34899999946,442511.90900000185],[100230.82899999991,442537.40700000152],[100229.34499999881,442538.94099999964],[100226.90799999982,442540.54399999976],[100222.86100000143,442541.13500000164],[100221.00200000033,442541.21000000089],[100218.39200000092,442540.54199999943],[100205.19700000063,442530.04399999976],[100200.07299999893,442526.36800000072],[100110.6950000003,442462.24599999934],[100022.41600000113,442398.91299999878],[100021.30999999866,442398.13500000164],[99978.160000000149,442367.79699999839],[99905.311999998987,442316.57899999991],[99896.247000001371,442310.05200000107],[99888.682999998331,442302.46900000051],[99885.247000001371,442298.89200000092],[99881.232999999076,442293.2340000011],[99869.258999999613,442268.2349999994],[99864.458999998868,442259.89799999818],[99859.651000000536,442251.54800000042],[99850.822999998927,442242.17700000107],[99822.986999999732,442222.41499999911],[99820.54300000146,442220.6099999994],[99818.467000000179,442217.96200000122],[99818.087999999523,442215.55999999866],[99817.826999999583,442213.12099999934],[99819.223999999464,442209.88300000131],[99821.166000001132,442205.46999999881],[99822.423999998719,442203.61100000143],[99807.767999999225,442193.20300000161],[99806.855000000447,442192.5540000014],[99800.109000001103,442187.76300000027],[99802.988000001758,442183.75299999863],[99814.236999999732,442168.07600000128],[99843.651000000536,442127.0859999992],[99858.057999998331,442107.00899999961],[99883.004999998957,442072.24300000072],[99886.074999999255,442067.96400000155],[99886.27499999851,442067.67700000107],[99922.848999999464,442015.24799999967],[99923.359000001103,442014.54100000113],[99931.140999998897,442003.76700000092],[99967.278000000864,441953.73999999836],[99987.603000000119,441925.60200000182],[99993.432999998331,441917.53099999949],[100015.8209999986,441886.53700000048],[100039.92000000179,441853.17300000042],[100070.79100000113,441810.43499999866],[100081.37000000104,441795.78999999911],[100102.53000000119,441765.3601000011],[100119.97700000182,441740.95399999991],[100219.55649999902,441601.6548999995],[100219.55999999866,441601.64999999851],[100324.9299999997,441454.21999999881],[100342.96999999881,441428.98000000045],[100383.08300000057,441372.86199999973],[100531.1799999997,441165.67000000179],[100534.83700000122,441160.55200000107],[100538.18699999899,441155.86499999836],[100548.65500000119,441141.21810000017],[100633.82959999889,441168.85110000148],[100968.36620000005,441325.10720000044],[101320.26469999924,441529.00219999999],[101300.65599999949,441556.13709999993],[101211.46499999985,441679.56709999964],[101116.44839999825,441812.46420000121],[100955.64139999822,441704.63789999858],[100920.48000000045,441713.44709999859],[100866.06049999967,441674.91910000145],[100806.12840000167,441632.48829999939],[100801.15700000152,441640.86300000176],[100772.28400000185,441606.36320000142],[100496.21200000122,441988.43809999898],[100560.61899999902,442032.30900000036],[100617.19799999893,442072.26209999993],[100637.86600000039,442083.80600000173],[100620.03170000017,442109.02519999817],[100643.57679999992,442125.37900000066],[100644.09090000018,442125.7360999994],[100659.60209999979,442104.67610000074],[100724.01700000092,442151.8610999994],[100716.8040000014,442162.71409999952],[100780.74089999869,442211.51410000026],[100816.92199999839,442236.06210000068],[100886.1099999994,442286.28519999981],[100835.18899999931,442369.97309999913],[100798.06089999899,442387.30939999968],[100818.29820000008,442416.64359999821],[100872.22839999944,442494.815200001],[100929.55579999834,442550.86609999835],[100982.68719999865,442630.25780000165],[101021.45080000162,442688.17990000173],[101136.04560000077,442859.41279999912],[101053.29720000178,442914.13509999961]]]},"properties":{"OBJECTID":2,"bu_naam":"Verspreide bebouwing Achter Esse","wk_naam":"Nieuwerkerk aan den IJssel wijk 04","gm_naam":"Zuidplas","Shape_Length":6310.8902486984198,"Shape_Area":1146289.8511114551}},{"type":"Feature","id":3,"geometry":{"type":"Polygon","coordinates":[[[97339.613099999726,444963.82009999827],[97283.691700000316,444982.24219999835],[97314.469999998808,444817.01399999857],[97315.03200000152,444816.96999999881],[97327.513000000268,444744.49599999934],[97337.326000001281,444686.89699999988],[97354.699000000954,444577.0549999997],[97372.754999998957,444449.57499999925],[97380.520799998194,444394.60399999842],[97381.151999998838,444390.1708999984],[97425.216099999845,444364.49760000035],[97427.377999998629,444363.23800000176],[97434.7714000009,444369.90129999816],[97488.828999999911,444418.6202000007],[97586.533500000834,444496.64620000124],[97595.571400001645,444529.54309999943],[97552.763000000268,444589.65810000151],[97506.735199999064,444679.61659999937],[97467.198399998248,444778.77919999883],[97434.030999999493,444861.96719999984],[97339.613099999726,444963.82009999827]]]},"properties":{"OBJECTID":3,"bu_naam":"Recreatiepark De Bonk","wk_naam":"Zevenhuizen wijk 02","gm_naam":"Zuidplas","Shape_Length":1464.856857298412,"Shape_Area":90337.579771695819}},{"type":"Feature","id":4,"geometry":{"type":"Polygon","coordinates":[[[98000.000100001693,444166.11219999939],[97965.778000000864,444234.32919999957],[97546.08900000155,444049.60909999907],[97548.653000000864,444042.9990000017],[97551.844999998808,444035.58700000122],[97555.041999999434,444029.48699999973],[97564.423000000417,444010.71000000089],[97570.778999999166,443998.08199999854],[97577.10399999842,443984.95499999821],[97582.388000000268,443972.45600000024],[97584.723000001162,443965.58100000024],[97588.971999999136,443951.33700000122],[97591.605999998748,443944.27199999988],[97599.750999998301,443924.97500000149],[97604.80700000003,443911.75],[97612.642999999225,443889.09600000083],[97618.230000000447,443872.65100000054],[97620.208000000566,443865.81899999827],[97621.589999999851,443858.44399999827],[97622.51099999994,443851.0700000003],[97623.215999998152,443843.28999999911],[97623.107000000775,443823.03799999878],[97622.570000000298,443803.74599999934],[97619.19299999997,443765.62299999967],[97618.195000000298,443749.55700000003],[97617.522999998182,443735.25400000066],[97617.771999999881,443724.17599999905],[97617.679999999702,443717.53999999911],[97618.232999999076,443714.49799999967],[97619.072999998927,443711.86800000072],[97621.982999999076,443707.19900000095],[97625.570999998599,443702.47700000182],[97630.859999999404,443695.89999999851],[97637.427999999374,443688.35700000077],[97661.149000000209,443663.27400000021],[97664.80700000003,443659.01799999923],[97670.14999999851,443651.27499999851],[97676.659000001848,443643.125],[97696.482999999076,443619.40799999982],[97735.166000001132,443578.99100000039],[97739.578000001609,443573.69299999997],[97742.692000001669,443569.26199999824],[97742.721000000834,443569.21999999881],[97744.530999999493,443565.49500000104],[97744.497999999672,443561.30900000036],[97737.409000001848,443509.71200000122],[97735.684999998659,443504.01399999857],[97733.631000000983,443499.38899999857],[97728.975999999791,443490.8049999997],[97716.710999999195,443472.87999999896],[97714.53200000152,443469.8759999983],[97712.011999998242,443465.32200000063],[97709.806000001729,443461.7490000017],[97688.587999999523,443411.40500000119],[97674.866000000387,443373.72599999979],[97654.118999999017,443320.47599999979],[97652.16800000146,443316.35500000045],[97650.574999999255,443313.11300000176],[97648.342000000179,443308.96999999881],[97644.688999999315,443302.55600000173],[97640.212000001222,443295.33399999887],[97630.197000000626,443281.33999999985],[97617.91099999845,443265.53999999911],[97609.021999999881,443254.85799999908],[97599.521999999881,443244.76799999923],[97534.725999999791,443180.50600000098],[97504.462999999523,443150.55999999866],[97498.945999998599,443145.80999999866],[97493.905999999493,443141.77100000158],[97478.66099999845,443131.7349999994],[97476.232999999076,443129.66899999976],[97458.576000001281,443114.59099999815],[97442.833999998868,443101.26900000125],[97437.820999998599,443096.73600000143],[97432.449999999255,443092.24399999902],[97427.210999999195,443088.29399999976],[97424.109000001103,443085.94200000167],[97418.846000000834,443082.27499999851],[97415.355999998748,443080.31599999964],[97409.072000000626,443076.98900000006],[97402.984999999404,443073.4299999997],[97384.030999999493,443064.25600000098],[97369.030000001192,443057.43400000036],[97358.179000001401,443052.73299999908],[97351.337999999523,443050.1400000006],[97344.765999998897,443047.7109999992],[97340.063999999315,443046.25400000066],[97335.427000001073,443044.8740000017],[97331.127000000328,443044.1240000017],[97327.495999999344,443043.85700000077],[97314.640000000596,443043.42000000179],[97328.219999998808,443021.44999999925],[97329.760000001639,443018.95699999854],[97330.239999998361,443018.1799999997],[97342.870000001043,442997.75],[97341.35000000149,442996.58999999985],[97343.131999999285,442995.02199999988],[97427.14999999851,442921.10000000149],[97442.5,442906.25],[97448.89999999851,442898.69999999925],[97454.550000000745,442883.89999999851],[97459.449999999255,442874.44999999925],[97467.10000000149,442866.69999999925],[97484.179999999702,442851.39999999851],[97539.64999999851,442801.69999999925],[97542.230999998748,442799.39400000125],[97653.936000000685,442699.59200000018],[97700.60000000149,442657.89999999851],[97733.75,442628],[97755.949999999255,442608.19999999925],[97757.063000001013,442607.05099999905],[97758.298000000417,442605.94000000134],[97759.602000001818,442604.89499999955],[97760.804999999702,442604.03299999982],[97762.155000001192,442603.13300000131],[97764.850999999791,442601.68400000036],[97766.19299999997,442601.06700000167],[97767.589999999851,442600.49799999967],[97768.96799999848,442600.06500000134],[97770.607000000775,442599.60300000012],[97772.28599999845,442599.23299999908],[97773.778999999166,442599.00600000098],[97775.511999998242,442598.82699999958],[97777.013000000268,442598.72800000012],[97778.655999999493,442598.75],[97780.787000000477,442598.88500000164],[97781.52100000158,442598.93200000003],[97782.449999999255,442599.10000000149],[97795.85000000149,442602.60000000149],[97840.14999999851,442593.25],[97907,442599.19999999925],[97908.699999999255,442591.39999999851],[97913.199999999255,442591.94999999925],[97918.25,442590.25],[97928.10000000149,442581.64999999851],[97920.64999999851,442574.80000000075],[97915.10000000149,442567.14999999851],[97915.986000001431,442563.57600000128],[97916.949000000954,442559.6950000003],[97918.780000001192,442552.30999999866],[97920.61989999935,442553.49419999868],[98028.179999999702,442622.73999999836],[98033.39999999851,442625.33999999985],[98041.059999998659,442628.19000000134],[98050.89999999851,442631.53000000119],[98079.440000001341,442640.19999999925],[98125.010000001639,442654.03000000119],[98173.89999999851,442668.8900000006],[98184.489999998361,442673.23000000045],[98194.320000000298,442679.01000000164],[98203.109999999404,442686.5],[98205.530000001192,442690.58999999985],[98208.440000001341,442695.87999999896],[98211.010000001639,442706.16000000015],[98211.859999999404,442715.19999999925],[98210.510000001639,442723.80999999866],[98207.809999998659,442733.62000000104],[98241.410000000149,442742.26999999955],[98253.640000000596,442751],[98250.690000001341,442755.15300000086],[98233.739999998361,442779.01999999955],[98255.739999998361,442794.05999999866],[98271.640000000596,442804.9299999997],[98260.460000000894,442820.33999999985],[98250.390000000596,442834.23000000045],[98236.320000000298,442853.62999999896],[98268.10399999842,442875.94700000063],[98258.260000001639,442890],[98269.504999998957,442897.34899999946],[98269.660000000149,442897.44999999925],[98285.267000000924,442907.65500000119],[98285.579999998212,442907.8599999994],[98291.59299999848,442911.79500000179],[98291.859999999404,442911.96999999881],[98293.651000000536,442913.1409999989],[98302.289999999106,442918.79100000113],[98303.511999998242,442919.58999999985],[98307.89999999851,442922.46000000089],[98325.460000000894,442933.94000000134],[98334.489999998361,442921.37000000104],[98349.079999998212,442901.0700000003],[98358.190000001341,442888.39999999851],[98390.760000001639,442911.07999999821],[98380.25,442926.25],[98416.692000001669,442915.19999999925],[98444.329999998212,442906.8200000003],[98451.640000000596,442896.35000000149],[98456.920000001788,442888.78999999911],[98509.723000001162,442866.9990000017],[98509.929999999702,442866.9140000008],[98528.620000001043,442859.19999999925],[98548.539999999106,442865.83999999985],[98553.719999998808,442880.66000000015],[98620.085000000894,442854.44000000134],[98635.269999999553,442848.44000000134],[98673.127000000328,442861.1090000011],[98713.170000001788,442874.51000000164],[98753.320000000298,442887.94999999925],[98791.118000000715,442905.01000000164],[98827.949999999255,442921.62000000104],[98865.789999999106,442938.67000000179],[98957.059999998659,442948.8599999994],[98970.688000001013,442930],[98977.820000000298,442920.12999999896],[99011.230000000447,442943.85000000149],[99026.337000001222,442953.04199999943],[99035.947999998927,442958.8900000006],[99044.436000000685,442964.0549999997],[99080.999000001699,442986.30299999937],[99114.440000001341,443006.64999999851],[99147.719999998808,443030.3200000003],[99131.260000001639,443053.1799999997],[99129.089999999851,443056.21999999881],[99195.64999999851,443114.5],[99195.940999999642,443114.71299999952],[99221.179999999702,443133.23000000045],[99227.620000001043,443138.83999999985],[99240.81799999997,443150.32899999991],[99246.881000000983,443155.60700000077],[99257.890000000596,443165.19000000134],[99258.230999998748,443165.48800000176],[99273.019999999553,443178.44000000134],[99288.160000000149,443191.69000000134],[99288.701999999583,443192.1640000008],[99318.440000001341,443218.17000000179],[99318.802999999374,443218.48699999973],[99348.730000000447,443244.66000000015],[99349.105999998748,443244.98800000176],[99351.203000001609,443246.82200000063],[99361.826000001281,443256.11199999973],[99363.712000001222,443257.76199999824],[99365.22500000149,443259.08500000089],[99373.807999998331,443266.59099999815],[99375.695000000298,443268.24100000039],[99379.010000001639,443271.1400000006],[99379.272999998182,443271.37000000104],[99385.131999999285,443276.49399999902],[99387.421000000089,443278.49599999934],[99396.151999998838,443286.13199999928],[99396.943999998271,443286.82400000095],[99406.633999999613,443295.29800000042],[99409.300000000745,443297.62999999896],[99410.256999999285,443298.46599999815],[99438.269000001252,443322.95499999821],[99439.589999999851,443324.1099999994],[99469.89999999851,443350.62000000104],[99467.155000001192,443354.45600000024],[99451.464999999851,443376.38699999824],[99449.721999999136,443378.82299999893],[99449.491999998689,443379.14299999923],[99447.210000000894,443382.33500000089],[99441.598999999464,443390.17700000107],[99437.736999999732,443395.57499999925],[99395.875,443358.92500000075],[99267.984999999404,443246.9571999982],[99108.925999999046,443107.70120000094],[99000,443013.44420000166],[98984.462999999523,443000.00019999966],[98966.039999999106,442984.05820000172],[98837.565000001341,442957.70919999853],[98724.642000000924,442896.3702000007],[98647.712000001222,442874.99219999835],[98585.000100001693,443000.00019999966],[98334.166000001132,443500.00019999966],[98083.333099998534,444000.00019999966],[98000.000100001693,444166.11219999939]]]},"properties":{"OBJECTID":4,"bu_naam":"Oud Verlaat","wk_naam":"Zevenhuizen wijk 02","gm_naam":"Zuidplas","Shape_Length":7265.7019935691069,"Shape_Area":1153723.409435211}},{"type":"Feature","id":5,"geometry":{"type":"Polygon","coordinates":[[[106784.31540000066,445488.73119999841],[106553.34310000017,445649.00789999962],[106553.33999999985,445649.00600000098],[106511.95899999887,445623.75899999961],[106466.38500000164,445597.83999999985],[106447.50200000033,445587.10099999979],[106267.18010000139,445480.3601000011],[106142.46000000089,445406.45010000095],[106414.44000000134,445213.4021999985],[106426.12920000032,445223.32019999996],[106519.95499999821,445302.93019999936],[106576.92000000179,445328.17020000145],[106636.96999999881,445336.63019999862],[106669.21000000089,445345.29019999877],[106699.42000000179,445361.1101000011],[106734.76999999955,445408.43010000139],[106747.67889999971,445424.66230000183],[106793.53999999911,445482.32999999821],[106784.31540000066,445488.73119999841]]]},"properties":{"OBJECTID":5,"bu_naam":"Recreatiepark Oosteinde","wk_naam":"Moordrecht wijk 03","gm_naam":"Zuidplas","Shape_Length":1585.3403968676416,"Shape_Area":141867.71673134703}},{"type":"Feature","id":6,"geometry":{"type":"Polygon","coordinates":[[[100480.81100000069,450724.34420000017],[100217.71799999848,450984.38320000097],[100192.34699999914,450980.99410000071],[100126.0047999993,450920.41470000148],[100107.53510000184,450939.69409999996],[100096.20600000024,450928.46220000088],[100088.07499999925,450935.87909999862],[100076.33100000024,450924.28610000014],[100068.95809999853,450931.75510000065],[100056.72800000012,450920.65810000151],[100048.88199999928,450928.60610000044],[100030.68100000173,450910.64209999889],[100007.53009999916,450934.01610000059],[99936.828000001609,450863.12909999862],[99872.15190000087,450927.32470000163],[99800.291600000113,450918.86499999836],[99794.247099999338,450903.27419999987],[99765.872000001371,450877.20320000127],[99764.076000001281,450875.40520000085],[99713.096999999136,450866.97720000148],[99655.635200001299,450809.97309999913],[99642.091499999166,450822.77769999951],[99604.230000000447,450784.7751000002],[99589.255899999291,450799.75690000132],[99577.300999999046,450788.22920000181],[99544.959399998188,450755.28159999847],[99552.01590000093,450747.10390000045],[99515.53200000152,450713.42760000005],[99509.784099999815,450719.26410000026],[99451.660100001842,450662.2536999993],[99452.217399999499,450641.42049999908],[99452.665399998426,450624.67350000143],[99452.691100001335,450623.71299999952],[99454.662799999118,450549.99109999835],[99541.186000000685,450637.00710000098],[99558.551100000739,450619.62510000169],[99583.273499999195,450594.88010000065],[99625.361099999398,450552.75310000032],[99585.699999999255,450514.05409999937],[99669.456099998206,450427.92009999976],[99741.289000000805,450355.5540000014],[99813.136399999261,450429.49879999831],[99820.490600001067,450422.26009999961],[99857.339099999517,450460.36089999974],[99866.318999998271,450452.15419999883],[99868.109999999404,450453.72019999847],[100145.41099999845,450730.40920000151],[100315.02499999851,450559.27010000125],[100480.81100000069,450724.34420000017]]]},"properties":{"OBJECTID":6,"bu_naam":"Bedrijventerrein Moerkapelle","wk_naam":"Moerkapelle wijk 01","gm_naam":"Zuidplas","Shape_Length":3091.706884975782,"Shape_Area":306532.4727894126}},{"type":"Feature","id":7,"geometry":{"type":"Polygon","coordinates":[[[102740.95499999821,443048.71759999916],[102738.29100000113,443109.73209999874],[102626.35200000182,442928.940200001],[102590.95279999822,442871.76729999855],[102448.56850000098,442652.45100000128],[102416.26040000096,442608.50459999964],[102386.6521999985,442568.23059999943],[102324.73580000177,442484.00989999995],[102258.66340000182,442389.27939999849],[102161.98580000177,442274.00490000099],[102097.99859999865,442199.50120000169],[102255.21660000086,442096.0960999988],[102291.42220000178,442138.99879999831],[102478.80319999903,442456.25409999862],[102487.13760000095,442453.72580000013],[102555.47890000045,442432.99320000038],[102624.08989999816,442648.20259999856],[102644.70199999958,442712.85610000044],[102731.46979999915,442985.01709999889],[102740.95499999821,443048.71759999916]]]},"properties":{"OBJECTID":7,"bu_naam":"Kleinpolder","wk_naam":"Nieuwerkerk aan den IJssel wijk 04","gm_naam":"Zuidplas","Shape_Length":2512.3587079623117,"Shape_Area":152012.40207682605}},{"type":"Feature","id":8,"geometry":{"type":"Polygon","coordinates":[[[105292.94559999928,444887.01929999888],[105138.5661999993,445011.15199999884],[104638.92309999838,444516.58749999851],[104781.18180000037,444374.22170000151],[104896.3200000003,444490.55020000041],[105292.94559999928,444887.01929999888]]]},"properties":{"OBJECTID":8,"bu_naam":"Vijfakkers-Noord","wk_naam":"Moordrecht wijk 03","gm_naam":"Zuidplas","Shape_Length":1826.8522752996398,"Shape_Area":141845.03898364404}},{"type":"Feature","id":9,"geometry":{"type":"Polygon","coordinates":[[[105352.86030000076,444838.84349999949],[105292.94559999928,444887.01929999888],[104896.3200000003,444490.55020000041],[104980.30999999866,444402.84010000154],[105030.46999999881,444358.9001000002],[104920.91010000184,444248.94009999931],[105038.71460000053,444131.04690000042],[105082.28940000013,444174.99839999899],[105059.28020000085,444199.48079999909],[105105.78550000116,444246.83170000091],[105115.73649999872,444236.90590000153],[105134.11169999838,444218.57710000128],[105157.89009999856,444241.6651000008],[105240.64779999852,444156.94900000095],[105127.98999999836,444041.33509999886],[105200.31700000167,443977.04219999909],[105242.31760000065,444012.48690000176],[105259.96009999886,444000.00019999966],[105314.66039999947,444058.12849999964],[105373.42480000108,444155.95459999889],[105399.49320000038,444228.76709999889],[105422.42559999973,444295.01649999991],[105441.6939000003,444350.68019999936],[105460.96200000122,444406.34389999881],[105508.22879999876,444525.04610000178],[105523.04069999978,444566.96669999883],[105592.12570000067,444647.59209999815],[105580.78000000119,444656.5800999999],[105435.85300000012,444772.11140000075],[105352.86030000076,444838.84349999949]]]},"properties":{"OBJECTID":9,"bu_naam":"Staatsliedenbuurt/Vijfakkers","wk_naam":"Moordrecht wijk 03","gm_naam":"Zuidplas","Shape_Length":2879.8066400605376,"Shape_Area":321811.38336301007}},{"type":"Feature","id":10,"geometry":{"type":"Polygon","coordinates":[[[102218.12539999932,442753.37730000168],[102034.45479999855,442948.53759999946],[101933.13830000162,442838.5811999999],[101888.44889999926,442790.08089999855],[101723.91800000146,442615.87819999829],[101631.91440000013,442516.00820000097],[101721.46440000087,442451.68580000103],[101796.35080000013,442399.19379999861],[102060.96510000154,442223.85869999975],[102097.99859999865,442199.50120000169],[102161.98580000177,442274.00490000099],[102258.66340000182,442389.27939999849],[102324.73580000177,442484.00989999995],[102386.6521999985,442568.23059999943],[102345.42320000008,442600.2126000002],[102317.52470000088,442627.40850000083],[102346.48930000141,442657.12150000036],[102347.17770000175,442686.72599999979],[102328.6810999997,442704.33359999955],[102328.3638000004,442703.97239999846],[102311.54890000075,442684.83359999955],[102300.3936999999,442672.13639999926],[102269.21130000055,442689.86499999836],[102266.73490000144,442687.69170000032],[102253.84760000184,442676.38170000166],[102215.59919999912,442716.08419999853],[102218.12539999932,442753.37730000168]]]},"properties":{"OBJECTID":10,"bu_naam":"Zuidplas Dalen","wk_naam":"Nieuwerkerk aan den IJssel wijk 04","gm_naam":"Zuidplas","Shape_Length":2270.4859594636287,"Shape_Area":287835.28464725363}},{"type":"Feature","id":11,"geometry":{"type":"Polygon","coordinates":[[[99739.460099998862,447726.98710000142],[99728.611099999398,447759.74309999868],[99667.015999998897,447736.61410000175],[99592.547400001436,447706.18519999832],[99711.015000000596,447539.43820000067],[99810.371100001037,447267.08920000121],[99879.909099999815,447077.94759999961],[99947.563999999315,447104.97720000148],[99968.018399998546,447112.61250000075],[99982.98409999907,447080.53920000046],[100061.99700000137,447160.38320000097],[100090.0859999992,447131.90309999883],[100253.41539999843,447294.44649999961],[100277.14699999988,447317.91110000014],[100182.79610000178,447410.95320000127],[100011.5821999982,447579.79170000181],[99932.394099999219,447660.37110000104],[99861.390000000596,447648.40810000151],[99822.333399999887,447644.07860000059],[99793.502000000328,447686.54419999942],[99770.194499999285,447680.44550000131],[99756.34299999848,447711.33210000023],[99739.460099998862,447726.98710000142]]]},"properties":{"OBJECTID":11,"bu_naam":"Zevenhuizen Bloemenbuurt","wk_naam":"Zevenhuizen wijk 02","gm_naam":"Zuidplas","Shape_Length":2152.4725775492816,"Shape_Area":213358.5081230801}},{"type":"Feature","id":12,"geometry":{"type":"Polygon","coordinates":[[[101556.40500000119,453313.85200000182],[101547.74399999902,453314.50299999863],[101539.52299999818,453314.30299999937],[101530.21599999815,453313.08999999985],[101520.44799999893,453310.4290000014],[101487.32600000128,453302.23200000077],[101454.70600000024,453294.37000000104],[101282.59200000018,453253.00600000098],[101117.42100000009,453213.85599999875],[101092.99199999869,453208.06599999964],[101029.75899999961,453193.07800000161],[100853.23600000143,453152.20199999958],[100785.51900000125,453136.52100000158],[100756.36400000006,453129.76900000125],[100665.07800000161,453108.63100000098],[100644.26799999923,453103.81199999899],[100578.15799999982,453087.8759999983],[100560.37700000033,453083.58900000155],[100537.23800000176,453078.01199999824],[100496.33199999854,453068.15100000054],[100458.95499999821,453059.1409999989],[100453.89499999955,453057.98699999973],[100412.13300000131,453048.46299999952],[100394.53999999911,453044.44999999925],[100371.78099999949,453039.26000000164],[100350.5159999989,453034.41000000015],[100330.9840000011,453030.44399999827],[100324.53000000119,453029.13399999961],[100289.42700000107,453020.78599999845],[100272.69700000063,453016.80700000003],[100247.00800000131,453010.75],[100206.59800000116,453001.22300000116],[100191.2340000011,452997.60099999979],[100148.33100000024,452987.4849999994],[100124.7109999992,452982.3200000003],[100086.48099999875,452973.50200000033],[100063.64600000158,452968.65500000119],[100041.27899999917,452964.81100000069],[100033.28400000185,452963.33999999985],[100026.64299999923,452962.27899999917],[100020.21000000089,452961.4609999992],[100014.23099999875,452960.72599999979],[100006.85500000045,452960.09200000018],[99998.078000001609,452959.45800000057],[99990.050000000745,452958.79699999839],[99980.611999999732,452957.88699999824],[99967.703999999911,452956.45199999958],[99956.440000001341,452954.80799999833],[99949.97899999842,452953.19000000134],[99944.473000001162,452951.68899999931],[99937.164000000805,452948.7509999983],[99929.390000000596,452945.38100000098],[99919.140999998897,452941.34899999946],[99908.587000001222,452937.17799999937],[99899.655000001192,452933.59899999946],[99888.798000000417,452929.33999999985],[99883.27100000158,452927.36800000072],[99879.29300000146,452926.42199999839],[99870.622000001371,452924.3590000011],[99854.511999998242,452920.52699999884],[99834.664999999106,452915.8049999997],[99815.793999999762,452911.31599999964],[99807.019999999553,452909.22899999842],[99797.054000001401,452906.85799999908],[99777.065000001341,452902.10300000012],[99755.714999999851,452897.02400000021],[99738.491000000387,452892.92700000107],[99722.16800000146,452889.04399999976],[99711.366000000387,452886.47399999946],[99707.234000001103,452885.49100000039],[99697.247000001371,452883.11499999836],[99685.333000000566,452880.28099999949],[99672.171000000089,452877.14999999851],[99667.839999999851,452876.13699999824],[99662.043999999762,452874.78099999949],[99648.22500000149,452871.54800000042],[99633.465999998152,452868.09600000083],[99625.526999998838,452866.23900000006],[99620.28200000152,452865.01199999824],[99609.258000001311,452862.43299999833],[99595.16800000146,452859.13699999824],[99585.36400000006,452856.84299999848],[99578.541000001132,452855.24700000137],[99566.879000000656,452852.51900000125],[99553.25,452849.33100000024],[99545.662000000477,452847.55600000173],[99540.872999999672,452846.43600000069],[99532.477000001818,452844.47199999914],[99522.967000000179,452842.24700000137],[99509.633000001311,452839.12799999863],[99503.727000001818,452837.74599999934],[99498.453999999911,452836.51300000027],[99488.938999999315,452834.28700000048],[99477.953999999911,452831.71700000018],[99470.315000001341,452829.9299999997],[99463.484999999404,452828.33199999854],[99459.414000000805,452827.37999999896],[99457.907999999821,452827.02800000086],[99451.16800000146,452825.45100000128],[99437.583999998868,452822.27400000021],[99431.258999999613,452820.79500000179],[99429.778999999166,452820.44799999893],[99422.451999999583,452818.7340000011],[99420.909000001848,452818.37299999967],[99409.22899999842,452815.6409999989],[99396.600999999791,452812.68699999899],[99389.353000000119,452810.99100000039],[99384.059000000358,452809.75299999863],[99379.83900000155,452808.7650000006],[99377.517000000924,452808.22199999914],[99374.109999999404,452807.42500000075],[99370.607999999076,452806.60599999875],[99370.905000001192,452805.09699999914],[99360.388999998569,452808.3590000011],[99354.296000000089,452810.24799999967],[99350.495999999344,452811.3900000006],[99346.850999999791,452812.0549999997],[99343.302999999374,452812.52400000021],[99340.892000000924,452812.65900000185],[99339.929000001401,452812.54600000009],[99338,452812.31899999827],[99334.412000000477,452811.89699999988],[99331.739999998361,452811.08300000057],[99325.497999999672,452807.32299999893],[99320.609999999404,452803.41299999878],[99318.052999999374,452801.38300000131],[99314.368000000715,452799.20199999958],[99310.08199999854,452797.32200000063],[99299.938000001013,452794.48200000077],[99298.491999998689,452794.09200000018],[99296.502999998629,452793.55600000173],[99290.903999999166,452792.15799999982],[99281.756000000983,452789.82699999958],[99273.215999998152,452787.65100000054],[99270.315999999642,452786.91200000048],[99263.061000000685,452785.06300000101],[99256.278000000864,452783.33500000089],[99253.291000001132,452782.61100000143],[99234.105000000447,452777.65100000054],[99215.811000000685,452772.77199999988],[99192.811999998987,452767.23699999973],[99173.572000000626,452762.81300000101],[99170.063999999315,452762.00600000098],[99150.18200000003,452757.17100000009],[99133.056000001729,452753.03299999982],[99128.028999999166,452751.81799999997],[99092.508999999613,452742.96700000018],[99091.385000001639,452742.68699999899],[99049.956000000238,452732.88699999824],[99021.964999999851,452726.28500000015],[98984.28599999845,452717.59099999815],[98943.072000000626,452707.97399999946],[98927.098999999464,452703.8599999994],[98924.71799999848,452703.24700000137],[98804.818999998271,452674.37999999896],[98793.030999999493,452671.54199999943],[98676.570000000298,452643.50299999863],[98633.754999998957,452632.1950000003],[98615.225999999791,452571.1409999989],[98626.002000000328,452562.88100000098],[98624.590999998152,452554.87799999863],[98624.534000001848,452554.55700000003],[98624.083999998868,452552.00600000098],[98623.651999998838,452549.55799999833],[98622.5,452547.24399999902],[98619.921000000089,452542.06300000101],[98613.276999998838,452528.71700000018],[98611.089999999851,452525.70100000128],[98613.563000001013,452521.60700000077],[98613.916000001132,452521.02299999818],[98610.046000000089,452496.68699999899],[98609.999000001699,452496.39299999923],[98606.997000001371,452477.61300000176],[98593.989999998361,452396.23299999908],[98563.574000000954,452205.93299999833],[98551.390999998897,452129.70699999854],[98535.519000001252,452030.39900000021],[98531.034000001848,452002.33900000155],[98521.089999999851,451940.12200000137],[98515.355000000447,451904.24100000039],[98514.951000001281,451901.71299999952],[98511.776000000536,451881.84699999914],[98510.58199999854,451874.32600000128],[98492.997000001371,451763.5150000006],[98492.201000001281,451758.5],[98491.662000000477,451755.10300000012],[98491.519000001252,451754.20300000161],[98472.960000000894,451637.26000000164],[98469.971000000834,451618.42399999872],[98469.265999998897,451613.97899999842],[98460.703999999911,451560.02699999884],[98456.282999999821,451533.98800000176],[98456.214999999851,451532.49599999934],[98456.124000001699,451530.49500000104],[98458.644999999553,451510.47100000083],[98458.64999999851,451510.4290000014],[98459.567000001669,451503.14799999818],[98460.55700000003,451501.66800000146],[98462.14999999851,451499.28599999845],[98463.372000001371,451497.45899999887],[98463.554999999702,451497.38300000131],[98464.938000001013,451496.81100000069],[98466.298999998719,451496.24799999967],[98447.291999999434,451406.42000000179],[98439.719999998808,451371.99100000039],[98427.043999999762,451303.63800000027],[98415.111000001431,451241.72700000182],[98410.530000001192,451241.77499999851],[98405.677000001073,451202.84800000116],[98405.513999998569,451201.53999999911],[98401.199999999255,451177.77600000054],[98389.798000000417,451118.09400000051],[98386.076999999583,451098.61499999836],[98385.03599999845,451065.1640000008],[98385.278000000864,451051.01999999955],[98385.214999999851,451042.64999999851],[98384.059000000358,451031.74799999967],[98380.71400000155,451000.48800000176],[98373.181000001729,450969.07600000128],[98361.335000000894,450915.56700000167],[98356.625999998301,450887.48600000143],[98349.66800000146,450831.20899999887],[98344.91800000146,450809.24599999934],[98344.238000001758,450803.02899999917],[98343.552999999374,450795.75200000033],[98343.622999999672,450787.81899999827],[98348.826999999583,450742.31799999997],[98331.484000001103,450739.36800000072],[98321.157999999821,450737.61199999973],[98341.287000000477,450677.88199999928],[98340.39600000158,450669.83399999887],[98340.383000001311,450669.71599999815],[98342.289999999106,450647.46999999881],[98345.543999999762,450635.53700000048],[98352.885000001639,450618.21299999952],[98385.125999998301,450625.71499999985],[98396.06799999997,450593.00699999928],[98404.131000000983,450568.90599999949],[98468.829999998212,450375.52100000158],[98470.408700000495,450314.89730000123],[98898.474399998784,450375.11549999937],[99390.52499999851,450444.50340000167],[99455.732900001109,450448.57649999857],[99455.565000001341,450464.48840000108],[99454.662799999118,450549.99109999835],[99452.691100001335,450623.71299999952],[99452.665399998426,450624.67350000143],[99452.217399999499,450641.42049999908],[99336.358500000089,450632.06260000169],[99333.18239999935,450645.96009999886],[99217.815999999642,450631.59659999982],[98915.965500000864,450587.48750000075],[98905.163100000471,450712.01909999922],[98885.312100000679,450709.27409999818],[98879.759100001305,450744.32690000162],[98721.156100001186,450721.38690000027],[98720.390099998564,450734.85509999841],[98699.075699999928,450831.7648999989],[98805.22500000149,450845.05909999833],[98811.635099999607,450905.61459999904],[98818.045099999756,450966.17009999976],[98846.270100001246,451217.44399999827],[99108.758400000632,451281.12999999896],[99229.711599998176,451310.47610000148],[99282.76419999823,451323.34800000116],[99327.917399998754,451331.0214000009],[99758.752799998969,451404.2388000004],[100195.46880000085,451475.83199999854],[100215.08900000155,451057.73470000178],[100456.83999999985,451094.20059999824],[100440.16699999943,451019.05380000174],[101292.06300000101,451140.68910000101],[101427.63699999824,451135.87299999967],[101660.13300000131,451169.52600000054],[101669.80799999833,451171.53000000119],[101682.7340000011,451178.9459999986],[101691.51799999923,451186.4450000003],[101699.8740000017,451193.57999999821],[101704.35700000077,451201.97500000149],[101705.22300000116,451205.34299999848],[101706.76700000092,451211.35099999979],[101708.64200000092,451218.64799999818],[101737.25899999961,451360.8049999997],[101737.79500000179,451363.46599999815],[101738.81899999827,451368.5549999997],[101739.20600000024,451370.47599999979],[101742.46649999917,451386.67269999906],[101743.57699999958,451392.18899999931],[101743.68400000036,451392.72100000083],[101745.44900000095,451401.48900000006],[101746.66200000048,451409.01999999955],[101751.16299999878,451436.97700000182],[101751.60000000149,451439.69099999964],[101724.80000000075,451447],[101712.80000000075,451448.19999999925],[101705.73099999875,451446.60300000012],[101705.99399999902,451451.09499999881],[101702.02400000021,451451.1090000011],[101690.45300000161,451452.3900000006],[101684.41499999911,451454.58399999887],[101666.27800000086,451466.46400000155],[101665.12200000137,451463.91499999911],[101658.46499999985,451465.2109999992],[101627.52600000054,451471.23200000077],[101627.0549999997,451471.32400000095],[101615.60799999908,451473.55200000107],[101565.81399999931,451483.24399999902],[101553.12099999934,451486.95499999821],[101543.3040000014,451492.69999999925],[101533.89900000021,451498.79300000146],[101526.00800000131,451504.71000000089],[101393.02199999988,451625.16099999845],[101382.00200000033,451635.86600000039],[101381.02800000086,451647.78099999949],[101394.10799999908,451758.14900000021],[101407.72800000012,451851.01399999857],[101428.41499999911,451978.06799999997],[101439.38300000131,452024.82499999925],[101477.59099999815,452172.98099999875],[101521.64900000021,452347.76900000125],[101523.24199999869,452354.08799999952],[101540.00200000033,452474.41699999943],[101552.47599999979,452604.88899999857],[101563.36300000176,452722.67100000009],[101568.1099999994,452774.02299999818],[101581.27699999884,452926.02699999884],[101587.23999999836,452971.5549999997],[101594.2509999983,453025.08500000089],[101595.55600000173,453046.69399999827],[101584.71999999881,453221.18400000036],[101574.48600000143,453303.1099999994],[101572.98299999908,453305.93299999833],[101564.67300000042,453311.5],[101556.40500000119,453313.85200000182]]]},"properties":{"OBJECTID":12,"bu_naam":"Verspreide bebouwing Moerkapelle","wk_naam":"Moerkapelle wijk 01","gm_naam":"Zuidplas","Shape_Length":13922.340018158329,"Shape_Area":5758352.2860588934}},{"type":"Feature","id":13,"geometry":{"type":"Polygon","coordinates":[[[102108.26999999955,445914.69009999931],[102099.82290000096,445923.1651000008],[101782.15300000086,445606.10310000181],[101543.49879999831,445367.39139999822],[101543.4833999984,445367.37590000033],[101543.46790000051,445367.36030000076],[101533.25,445357.14009999856],[101533.9609999992,445356.42909999937],[101534.80999999866,445355.5800999999],[101525.11820000038,445345.91600000113],[101311.62200000137,445133.0271999985],[101249.25120000169,445070.83399999887],[101229.0700000003,445050.71009999886],[101147.14840000123,444969.02259999886],[101065.51209999993,444887.61809999868],[101040.44299999997,444862.62049999833],[101040.21599999815,444862.39420000091],[100868.17000000179,444690.97019999847],[100843.14999999851,444690.90700000152],[100836.35000000149,444690.8900000006],[100834.12900000066,444678.53700000048],[100829.62299999967,444653.47399999946],[100825.49500000104,444635.67199999839],[100822.83399999887,444621.25899999961],[100821.68299999833,444615.02400000021],[100815.9609999992,444593.46999999881],[100806.66600000113,444558.45699999854],[100804.16200000048,444549.3209999986],[100755.04300000146,444370.13100000098],[100743.53799999878,444327.65799999982],[100738.13599999994,444307.71400000155],[100735.6259999983,444298.4459999986],[100729.44200000167,444275.61400000006],[100696.30299999937,444153.26300000027],[100686.74300000072,444117.96700000018],[100684.28999999911,444110.67799999937],[100683.68100000173,444108.87000000104],[100675.69099999964,444089.82999999821],[100668.60000000149,444076],[100665.47800000012,444069.91200000048],[100658.28400000185,444055.88199999928],[100643.95899999887,444029.37999999896],[100634.43299999833,444007.88199999928],[100632.21299999952,444002.21400000155],[100630.25,443996.40799999982],[100629.55999999866,443992.18400000036],[100629.20399999991,443990.69799999893],[100597.13699999824,443856.97100000083],[100586.31599999964,443810.88300000131],[100575.79100000113,443766.34200000018],[100565.99500000104,443726.24799999967],[100558.24599999934,443694.01099999994],[100550.98600000143,443669.02400000021],[100544.7349999994,443648.85599999875],[100540.2340000011,443634.79699999839],[100535.99399999902,443621.48600000143],[100526.97300000116,443591.66699999943],[100518.5549999997,443559.96299999952],[100515.62799999863,443547.71200000122],[100514.72700000182,443541.49199999869],[100514.83199999854,443535.66000000015],[100515.60799999908,443529.62000000104],[100516.11800000072,443525.78299999982],[100516.36499999836,443523.9299999997],[100520.1799999997,443506.34200000018],[100521.95300000161,443497.76199999824],[100522.90399999917,443491.54399999976],[100522.10000000149,443485.17300000042],[100520.72199999914,443482.91299999878],[100514.93400000036,443474.09899999946],[100509.75299999863,443467.85599999875],[100506.5540000014,443463.69399999827],[100500.85399999842,443456.27800000086],[100495.06199999899,443447.13899999857],[100494.28700000048,443445.04600000009],[100491.19799999893,443433.92300000042],[100487.82999999821,443420.30099999905],[100485.60300000012,443407.94099999964],[100484.17399999872,443397.47300000116],[100483.3049999997,443387.72399999946],[100482.6099999994,443377.87299999967],[100482.8759999983,443374.91800000146],[100483.05000000075,443372.98800000176],[100484.88300000131,443363.13100000098],[100487.53299999982,443352.23800000176],[100493.36899999902,443350.25699999928],[100493.54500000179,443349.23900000006],[100495.04800000042,443341.53099999949],[100496.48000000045,443336.12799999863],[100498.87299999967,443329.35200000182],[100501.85599999875,443323.22800000012],[100508.72300000116,443313.17700000107],[100512.92799999937,443307.88599999994],[100526.30200000107,443294.36300000176],[100567.69000000134,443262.19399999827],[100604.97599999979,443235.59099999815],[100718.89299999923,443156.67599999905],[100785.48200000077,443108.08999999985],[100863.9450000003,443053.47399999946],[100931.6099999994,443004.02199999988],[100978.63800000027,442969.65199999884],[101028.52100000158,442934.59400000051],[101025.60500000045,442932.60099999979],[101032.59600000083,442927.68499999866],[101053.29720000178,442914.13509999961],[101508.79439999908,443261.03660000116],[101468.8040000014,443307.09310000017],[101355.59910000116,443417.51410000026],[101364.77459999919,443427.61410000175],[101363.11160000041,443429.24480000138],[101336.35819999874,443455.47690000013],[101307.50140000135,443483.7714000009],[101315.62640000135,443491.7415000014],[101269.45340000093,443537.43870000169],[101444.43169999868,443715.89449999854],[101524.65780000016,443797.71499999985],[101711.64559999853,443988.04919999838],[101753.18519999832,443943.92990000173],[101776.86549999937,443913.67029999942],[101819.86490000039,443882.05209999904],[101819.33879999816,443881.52859999985],[101805.80209999904,443868.05909999833],[101835.16699999943,443839.98070000112],[101843.04639999941,443846.77419999987],[101870.71700000018,443819.14919999987],[101955.51830000058,443904.61620000005],[102068.47540000081,443844.78959999979],[102131.60399999842,443784.75710000098],[102154.03099999949,443758.58799999952],[102071.71799999848,443694.6425999999],[102458.60179999843,443304.38819999993],[102491.7890000008,443271.89510000125],[102599.05299999937,443378.98910000175],[102602.12799999863,443375.41360000148],[102652.90799999982,443297.61019999906],[102680.81010000035,443253.72120000049],[102718.79199999943,443185.68620000035],[102723.80299999937,443160.39009999856],[102738.29100000113,443109.73209999874],[102740.95499999821,443048.71759999916],[102731.46979999915,442985.01709999889],[102821.80900000036,443078.23580000177],[102869.86160000041,443127.81980000064],[102963.38060000166,443164.13960000128],[103044.871199999,443052.00629999861],[103084.76419999823,443080.19619999826],[103161.7210999988,442965.23910000175],[103287.63149999827,442897.90230000019],[103396.47700000182,442850.85889999941],[103520.08139999956,442906.20419999957],[103630.96499999985,442945.84519999847],[103848.41000000015,443035.9001000002],[103907.30999999866,443059.9001000002],[104011.88800000027,443072.61520000175],[104116.10759999976,443137.06260000169],[103948.48999999836,443316.21009999886],[104181.94619999826,443496.68409999833],[104282.80999999866,443571.95010000095],[104288.60200000182,443575.67000000179],[104296.30999999866,443580.6202000007],[104308.85000000149,443588.80020000041],[104326.3200000003,443598.496199999],[104341.31060000136,443606.18039999902],[104372.96999999881,443619.8300999999],[104387.98000000045,443626.43019999936],[104192.7536999993,443823.54270000011],[103990.08810000122,444028.16770000011],[103820.84010000154,444199.05009999871],[103540.93769999966,444478.9822999984],[102895.91090000048,445124.53929999843],[102108.26999999955,445914.69009999931]]]},"properties":{"OBJECTID":13,"bu_naam":"Verspreide bebouwing Zuidplaspolder Nieuwerkerk aan den IJss","wk_naam":"Nieuwerkerk aan den IJssel wijk 04","gm_naam":"Zuidplas","Shape_Length":13102.305119099108,"Shape_Area":6195749.4303281549}},{"type":"Feature","id":14,"geometry":{"type":"Polygon","coordinates":[[[101378.01130000129,441452.4822999984],[101320.26469999924,441529.00219999999],[100968.36620000005,441325.10720000044],[101354.39070000127,440778.42309999838],[101383.46150000021,440748.75589999929],[101424.90780000016,440706.07730000094],[101509.60420000181,440791.2435999997],[101574.48050000146,440855.59809999913],[101653.51000000164,440948.57400000095],[101702.90349999815,441015.98169999942],[101665.21429999918,441077.06030000001],[101639.99810000136,441116.86309999973],[101393.20850000158,441460.54729999974],[101379.12189999968,441451.01069999859],[101378.01130000129,441452.4822999984]]]},"properties":{"OBJECTID":14,"bu_naam":"Esse Zoom Laag","wk_naam":"Nieuwerkerk aan den IJssel wijk 04","gm_naam":"Zuidplas","Shape_Length":2250.7714805083679,"Shape_Area":300532.88269336958}},{"type":"Feature","id":15,"geometry":{"type":"Polygon","coordinates":[[[101021.43200000003,441945.3610999994],[100816.92199999839,442236.06210000068],[100780.74089999869,442211.51410000026],[100716.8040000014,442162.71409999952],[100724.01700000092,442151.8610999994],[100659.60209999979,442104.67610000074],[100644.09090000018,442125.7360999994],[100643.57679999992,442125.37900000066],[100620.03170000017,442109.02519999817],[100637.86600000039,442083.80600000173],[100617.19799999893,442072.26209999993],[100560.61899999902,442032.30900000036],[100496.21200000122,441988.43809999898],[100772.28400000185,441606.36320000142],[100801.15700000152,441640.86300000176],[100806.12840000167,441632.48829999939],[100866.06049999967,441674.91910000145],[100920.48000000045,441713.44709999859],[100955.64139999822,441704.63789999858],[101116.44839999825,441812.46420000121],[101039.37669999897,441920.26220000163],[101021.43200000003,441945.3610999994]]]},"properties":{"OBJECTID":15,"bu_naam":"Parkzoom","wk_naam":"Nieuwerkerk aan den IJssel wijk 04","gm_naam":"Zuidplas","Shape_Length":1889.1117768607983,"Shape_Area":197424.67242328235}},{"type":"Feature","id":16,"geometry":{"type":"Polygon","coordinates":[[[99237.921900000423,451218.58300000057],[99229.711599998176,451310.47610000148],[99108.758400000632,451281.12999999896],[98846.270100001246,451217.44399999827],[98818.045099999756,450966.17009999976],[98932.984999999404,450985.59259999916],[99178.589999999851,451027.32319999859],[99193.53579999879,451029.88850000128],[99197.598200000823,451030.58579999954],[99214.119800001383,451033.42159999907],[99256.563000001013,451040.70710000023],[99250.880899999291,451096.3599999994],[99242.193399999291,451103.21869999915],[99241.136300001293,451104.05330000073],[99231.67880000174,451173.29430000111],[99219.350699998438,451184.10269999877],[99220.725400000811,451186.65520000085],[99237.921900000423,451218.58300000057]]]},"properties":{"OBJECTID":16,"bu_naam":"Moerkapelle-West","wk_naam":"Moerkapelle wijk 01","gm_naam":"Zuidplas","Shape_Length":1378.2873410207046,"Shape_Area":105651.44401237422}},{"type":"Feature","id":17,"geometry":{"type":"Polygon","coordinates":[[[99711.015000000596,447539.43820000067],[99592.547400001436,447706.18519999832],[99523.916999999434,447703.41059999913],[99424.990200001746,447638.49579999968],[99382.77519999817,447604.08779999986],[99329.435199998319,447540.76350000128],[99348.466099999845,447544.16710000113],[99480.876499999315,447559.06469999999],[99499.211500000209,447507.66149999946],[99523.330699998885,447468.36730000004],[99558.83769999817,447429.38670000061],[99586.903099998832,447389.80810000002],[99602.835700001568,447364.93349999934],[99644.131799999624,447305.11190000176],[99676.165500000119,447250.69330000132],[99691.221099998802,447215.80150000006],[99707.758099999279,447180.26309999824],[99729.273099999875,447093.79910000041],[99750.092700000852,447043.59209999815],[99752.432300001383,447037.5036999993],[99759.117600001395,447023.65260000154],[99780.918200001121,446978.48389999941],[99788.923999998719,446963.40309999883],[99796.371500000358,446949.25340000167],[99774.960400000215,446939.01339999959],[99773.923000000417,446938.51509999856],[99786.138399999589,446912.86360000074],[99832.892099998891,446933.93809999898],[99850.068500000983,446894.59450000152],[99867.434599999338,446902.19489999861],[99880.28200000152,446870.91450000182],[99837.659600000829,446852.18910000101],[99843.711800001562,446836.94629999995],[99867.352400001138,446846.99549999833],[99890.900600001216,446791.32290000096],[99935.028999999166,446810.6660999991],[99931.504200000316,446863.00160000101],[99932.397399999201,446901.40450000018],[99933.290500000119,446939.80739999935],[99909.623599998653,447013.48750000075],[99879.909099999815,447077.94759999961],[99810.371100001037,447267.08920000121],[99711.015000000596,447539.43820000067]]]},"properties":{"OBJECTID":17,"bu_naam":"Kern Zevenhuizen","wk_naam":"Zevenhuizen wijk 02","gm_naam":"Zuidplas","Shape_Length":2541.0990095343309,"Shape_Area":145473.32903074528}},{"type":"Feature","id":18,"geometry":{"type":"Polygon","coordinates":[[[101796.35080000013,442399.19379999861],[101721.46440000087,442451.68580000103],[101619.66039999947,442372.55099999905],[101607.25389999896,442389.90249999985],[101562.64579999819,442358.00710000098],[101577.93140000105,442336.62900000066],[101567.80719999969,442329.3900000006],[101455.06839999929,442248.78029999882],[101464.7611999996,442235.49049999937],[101403.91180000082,442191.1110999994],[101391.14059999958,442172.78660000116],[101039.37669999897,441920.26220000163],[101116.44839999825,441812.46420000121],[101211.46499999985,441679.56709999964],[101288.40410000086,441735.61410000175],[101296.70369999856,441724.22080000117],[101301.77010000125,441717.26590000093],[101324.79080000147,441715.03950000182],[101381.37000000104,441732.64319999889],[101479.54060000181,441801.43620000035],[101611.4849999994,441898.29520000145],[101643.77870000154,441922.00160000101],[101646.81480000168,441982.9327000007],[101647.00230000168,441983.39029999822],[101648.08700000122,441986.03810000047],[101665.97439999878,441997.73939999938],[101687.1473999992,442011.59010000154],[101732.85689999908,441951.88300000131],[101765.4776000008,441909.27270000055],[101783.81419999897,441885.3209999986],[101812.39090000093,441910.97089999914],[101986.45780000091,442079.94339999929],[102097.99859999865,442199.50120000169],[102060.96510000154,442223.85869999975],[101796.35080000013,442399.19379999861]]]},"properties":{"OBJECTID":18,"bu_naam":"Dorrestein-Zuid","wk_naam":"Nieuwerkerk aan den IJssel wijk 04","gm_naam":"Zuidplas","Shape_Length":2917.0953747352692,"Shape_Area":367111.0024466184}},{"type":"Feature","id":19,"geometry":{"type":"Polygon","coordinates":[[[101732.85689999908,441951.88300000131],[101687.1473999992,442011.59010000154],[101665.97439999878,441997.73939999938],[101648.08700000122,441986.03810000047],[101647.00230000168,441983.39029999822],[101646.81480000168,441982.9327000007],[101643.77870000154,441922.00160000101],[101611.4849999994,441898.29520000145],[101479.54060000181,441801.43620000035],[101381.37000000104,441732.64319999889],[101324.79080000147,441715.03950000182],[101301.77010000125,441717.26590000093],[101296.70369999856,441724.22080000117],[101288.40410000086,441735.61410000175],[101211.46499999985,441679.56709999964],[101300.65599999949,441556.13709999993],[101320.26469999924,441529.00219999999],[101610.98299999908,441741.59360000119],[101701.88329999894,441817.18679999933],[101783.81419999897,441885.3209999986],[101765.4776000008,441909.27270000055],[101732.85689999908,441951.88300000131]]]},"properties":{"OBJECTID":19,"bu_naam":"Bomenbuurt","wk_naam":"Nieuwerkerk aan den IJssel wijk 04","gm_naam":"Zuidplas","Shape_Length":1564.6498815927121,"Shape_Area":82232.536413178095}},{"type":"Feature","id":20,"geometry":{"type":"Polygon","coordinates":[[[99499.211500000209,447507.66149999946],[99480.876499999315,447559.06469999999],[99348.466099999845,447544.16710000113],[99329.435199998319,447540.76350000128],[99168.857999999076,447350.128800001],[99250.004799999297,447179.10599999875],[99409.249099999666,447253.85009999946],[99423.921100001782,447212.83909999952],[99497.350499998778,446999.09070000052],[99542.112599998713,446912.44759999961],[99639.430599998683,446955.58289999887],[99759.117600001395,447023.65260000154],[99752.432300001383,447037.5036999993],[99750.092700000852,447043.59209999815],[99729.273099999875,447093.79910000041],[99707.758099999279,447180.26309999824],[99691.221099998802,447215.80150000006],[99676.165500000119,447250.69330000132],[99644.131799999624,447305.11190000176],[99602.835700001568,447364.93349999934],[99586.903099998832,447389.80810000002],[99558.83769999817,447429.38670000061],[99523.330699998885,447468.36730000004],[99499.211500000209,447507.66149999946]]]},"properties":{"OBJECTID":20,"bu_naam":"Zevenhuizen-West 1","wk_naam":"Zevenhuizen wijk 02","gm_naam":"Zuidplas","Shape_Length":1988.1303125288405,"Shape_Area":186583.11459238859}},{"type":"Feature","id":21,"geometry":{"type":"Polygon","coordinates":[[[99409.687100000679,450276.17819999903],[99390.52499999851,450444.50340000167],[98898.474399998784,450375.11549999937],[98470.408700000495,450314.89730000123],[98470.410000000149,450314.84600000083],[98477.252000000328,450052.24599999934],[98477.710000000894,450036.6409999989],[98246.846999999136,449751.40599999949],[98242.800000000745,449737.2890000008],[98241.076000001281,449731.27299999818],[98212.962000001222,449633.19900000095],[98207.881000000983,449615.47399999946],[98203.208999998868,449599.17700000107],[98190.176199998707,449553.71389999986],[98180.129999998957,449518.66899999976],[98180.026000000536,449518.3040000014],[98179.859999999404,449517.7340000011],[98177.147999998182,449508.43899999931],[98175.320000000298,449502.17199999839],[98173.019000001252,449494.28599999845],[98171.664999999106,449489.64600000158],[98168.780000001192,449479.75800000131],[98168.583999998868,449479.08700000122],[98109.504999998957,449276.5859999992],[98109.013000000268,449119.22199999914],[98107.850999999791,449102.9290000014],[98107.320999998599,449086.98999999836],[98106.806000001729,449078.31199999899],[98106.600999999791,449070.74100000039],[98104.892000000924,449054.66699999943],[98103.296999998391,449039.18299999833],[98101.451000001281,449022.99100000039],[98098.660000000149,449007.68800000101],[98097.745000001043,449002.39200000092],[98097.195000000298,448996.7340000011],[98096.831000000238,448990.81599999964],[98096.504999998957,448982.81199999899],[98096.392000000924,448974.64499999955],[98096.715999998152,448966.92500000075],[98098.028999999166,448942.94299999997],[98099.20699999854,448918.48000000045],[98100.074999999255,448903.08199999854],[98100.363000001758,448894.49100000039],[98100.796999998391,448886.79199999943],[98100.940000001341,448878.24100000039],[98100.879000000656,448870.62900000066],[98101.159000001848,448863.49199999869],[98100.98900000006,448859.2340000011],[98100.986999999732,448859.18100000173],[98100.469000000507,448855.48699999973],[98099.414000000805,448847.84299999848],[98098.173999998719,448840.09600000083],[98094.717000000179,448824.82400000095],[98092.909000001848,448816.71700000018],[98090.02499999851,448805.33199999854],[98086.243000000715,448793.52499999851],[98084.041000001132,448786.04800000042],[98081.414999999106,448778.17100000009],[98075.462000001222,448762.51099999994],[98071.232999999076,448751.1409999989],[98069.513999998569,448747.42000000179],[98065.800999999046,448740.10799999908],[98060.412000000477,448730.15399999917],[98056.837000001222,448722.59600000083],[98054.831000000238,448718.59200000018],[98052.772999998182,448714.03299999982],[98051.440999999642,448711.13800000027],[98049.482999999076,448705.82400000095],[98048.076999999583,448701.18499999866],[98047.423999998719,448697.01000000164],[98047.243999999017,448692.85599999875],[98047.318999998271,448691.70300000161],[98047.784000001848,448684.6090000011],[98049.910000000149,448652.61400000006],[98051.184999998659,448636.63500000164],[98051.613000001758,448628.73000000045],[98051.660000000149,448620.20600000024],[98051.304999999702,448596.38199999928],[98050.416000001132,448572.13699999824],[98049.925000000745,448556.70600000024],[98048.83199999854,448540.97700000182],[98048.068999998271,448532.52499999851],[98047.903999999166,448525.09800000116],[98048.318999998271,448508.27100000158],[98050.260000001639,448460.08500000089],[98050.690000001341,448451.81599999964],[98050.763000000268,448448.00699999928],[98050.506999999285,448445.43299999833],[98049.006999999285,448428.625],[98047.58199999854,448411.89900000021],[98044.443999998271,448372.61400000006],[98040.276000000536,448324.4849999994],[98039.677999999374,448318.83999999985],[98039.100999999791,448313.0859999992],[98038.510000001639,448308.9450000003],[98037.072999998927,448300.68200000003],[98036.519999999553,448298.24399999902],[98035.324000000954,448292.97399999946],[98033.153999999166,448284.50200000033],[98030.096000000834,448269.17000000179],[98017.221000000834,448206.10200000182],[97997.250999998301,448108.69999999925],[97995.511999998242,448109.21299999952],[97990.885000001639,448083.64299999923],[97988.754000000656,448071.86400000006],[97986.355000000447,448058.60300000012],[97986.25,448055.48099999875],[97984.798000000417,448012.4990000017],[97984.620000001043,448007.24300000072],[97983.515000000596,447974.51799999923],[97997.22500000149,447910.64799999818],[97998.131999999285,447906.42399999872],[97998.684000000358,447903.43400000036],[97999.15700000152,447901.04300000146],[97999.302000001073,447897.91699999943],[97999.72899999842,447894.86100000143],[98001.767999999225,447840.30099999905],[98005.019999999553,447753.28099999949],[98005.622000001371,447745.84499999881],[98006.719000000507,447732.28200000152],[98009.989999998361,447692.77899999917],[98011.914000000805,447672.86199999973],[98015.633000001311,447638.60300000012],[98016.335000000894,447631.64999999851],[98016.375999998301,447628.86800000072],[98016.458000000566,447625.70800000057],[98016.43200000003,447623.05200000107],[98016.190000001341,447620.19999999925],[98015.842000000179,447617.17100000009],[98015.08199999854,447611.76099999994],[98014.129999998957,447605.20699999854],[98011.41800000146,447590.98699999973],[98009.767999999225,447582.13899999857],[98008.482000000775,447576.88800000027],[98005.677999999374,447563.74199999869],[98002.44299999997,447550.20399999991],[97999.094999998808,447536.12700000033],[97997.517999999225,447529.92000000179],[97995.567000001669,447523.5150000006],[97989.905999999493,447502.35799999908],[97979.598999999464,447462.65399999917],[97968.817000001669,447421.12200000137],[97958.754999998957,447388.08999999985],[97956.872999999672,447382.08100000024],[97954.313000001013,447375.3909999989],[97948.651999998838,447362.12299999967],[97947.749000001699,447359.15900000185],[97946.923999998719,447357.47800000012],[97945.675999999046,447355.61199999973],[97944.232999999076,447352.76199999824],[97932.208000000566,447332.65799999982],[97926.041000001132,447323.04500000179],[97920.107999999076,447314.19700000063],[97918.36400000006,447311.38500000164],[97917.309000000358,447308.78099999949],[97915.666000001132,447305.10300000012],[97914.625999998301,447301.34499999881],[97913.515999998897,447297.87000000104],[97912.502000000328,447293.68600000069],[97911.546999998391,447289.69299999997],[97911.045000001788,447286.50200000033],[97911.153000000864,447284.79699999839],[97911.616000000387,447279.11800000072],[97912.532999999821,447267.55299999937],[97913.105999998748,447263.77400000021],[97913.572000000626,447261.01900000125],[97914.269000001252,447257.30600000173],[97914.89600000158,447253.8759999983],[97916.19299999997,447249.56199999899],[97916.824000000954,447247.17500000075],[97920.511999998242,447233.56300000101],[97922.219000000507,447228.70600000024],[97922.752000000328,447225.82699999958],[97923.25,447222.48800000176],[97923.920000001788,447219.20100000128],[97924.480000000447,447215.89499999955],[97925.067000001669,447212.1640000008],[97925.47899999842,447209.05999999866],[97925.480000000447,447205.97700000182],[97925.497999999672,447202.26199999824],[97925.401000000536,447191.9990000017],[97922.607000000775,447156.59299999848],[97921.850999999791,447148.62200000137],[97921.133999999613,447144.55600000173],[97909.852000001818,447082.48099999875],[97908.212000001222,447075.03999999911],[97906.653999999166,447068.72399999946],[97904.511999998242,447059.29300000146],[97901.690000001341,447045.0549999997],[97896.70699999854,447020.29600000009],[97895.923000000417,447015.83300000057],[97895.089999999851,447010.18299999833],[97893.984000001103,447003.46700000018],[97891.094000000507,446980.26399999857],[97889.686000000685,446967.57999999821],[97879.204999998212,446885.84800000116],[97877.098999999464,446871.12999999896],[97870.570999998599,446837.54300000146],[97867.5,446818.99100000039],[97865.381999999285,446804.74700000137],[97863.54300000146,446791.41000000015],[97860.201000001281,446769.07499999925],[97858.346999999136,446758.9299999997],[97855.734999999404,446746.14299999923],[97852.394999999553,446731.48900000006],[97850.833999998868,446724.8599999994],[97847.736000001431,446713.89499999955],[97845.079999998212,446704.20399999991],[97843.026999998838,446697.22899999842],[97841.228000000119,446691.11800000072],[97838.734999999404,446683.83500000089],[97836.002000000328,446677.3040000014],[97828.315000001341,446657.5009999983],[97811.747000001371,446617.58399999887],[97803.153999999166,446599.26099999994],[97786.905999999493,446565.67300000042],[97783.122999999672,446558.78400000185],[97779.828000001609,446552.63399999961],[97764.629000000656,446525.88399999961],[97750.022900000215,446500.73959999904],[97840.302799999714,446415.42100000009],[98116.052600000054,446713.82019999996],[98198.632800001651,446759.31850000098],[98294.919599998742,446817.19519999996],[98276.42709999904,446867.46409999952],[98269.142099998891,446900.41010000184],[98207.22500000149,447171.73110000044],[98774.256999999285,447252.93519999832],[98786.662399999797,447139.84620000049],[98786.876099999994,447111.43120000139],[99093.96799999848,447299.94649999961],[99168.857999999076,447350.128800001],[99329.435199998319,447540.76350000128],[99382.77519999817,447604.08779999986],[99424.990200001746,447638.49579999968],[99523.916999999434,447703.41059999913],[99592.547400001436,447706.18519999832],[99667.015999998897,447736.61410000175],[99646.087799999863,447783.15170000121],[99642.790100000799,447793.04410000145],[99627.40210000053,447853.26460000128],[99618.79639999941,448064.89539999887],[99594.887499999255,448066.31120000035],[99574.191100001335,448739.87519999966],[99558.931099999696,448808.04019999877],[99565.695099998266,449107.80519999936],[99511.494100000709,449483.27419999987],[99409.687100000679,450276.17819999903]]]},"properties":{"OBJECTID":21,"bu_naam":"Verspreide bebouwing Tweemanspolder","wk_naam":"Zevenhuizen wijk 02","gm_naam":"Zuidplas","Shape_Length":10588.076095423563,"Shape_Area":4550271.4303706577}},{"type":"Feature","id":22,"geometry":{"type":"Polygon","coordinates":[[[101427.63699999824,451135.87299999967],[101292.06300000101,451140.68910000101],[100440.16699999943,451019.05380000174],[100391.02439999953,451012.03720000014],[100217.71799999848,450984.38320000097],[100480.81100000069,450724.34420000017],[100315.02499999851,450559.27010000125],[100145.41099999845,450730.40920000151],[99868.109999999404,450453.72019999847],[99866.318999998271,450452.15419999883],[99857.339099999517,450460.36089999974],[99820.490600001067,450422.26009999961],[99813.136399999261,450429.49879999831],[99741.289000000805,450355.5540000014],[99659.602099999785,450274.75109999999],[99757.923999998719,450175.84519999847],[99762.071100000292,450178.63410000131],[99875.473999999464,450064.64119999856],[99874.324000000954,450063.49410000071],[100015.79399999976,449921.35310000181],[99953.440099999309,449858.98209999874],[100206.60799999908,449603.39620000124],[99888.685100000352,449284.81810000166],[100221.69700000063,448950.71220000088],[100744.10909999907,449470.97720000148],[100720.50400000066,449495.40619999915],[100734.39009999856,449509.25310000032],[100738.49700000137,449505.01819999889],[100770.83379999921,449540.43340000138],[100745.01199999824,449566.3759999983],[100726.65900000185,449584.81500000134],[100720.44099999964,449591.06199999899],[100710.04800000042,449601.50299999863],[100706.85200000182,449604.71400000155],[100627.25899999961,449684.67799999937],[100621.41000000015,449690.5549999997],[100596.02100000158,449716.06300000101],[100590.8049999997,449721.30299999937],[100570.56599999964,449741.52100000158],[100543.48999999836,449768.5700000003],[100419.64299999923,449892.09099999815],[100372.83500000089,449938.77600000054],[100378.29399999976,449944.22500000149],[100381.45300000161,449947.37799999863],[100507.41600000113,450073.1099999994],[100576.09600000083,450141.66299999878],[100583.57200000063,450149.1259999983],[100584.59899999946,450150.15100000054],[100672.98299999908,450238.37200000137],[100750.30700000003,450315.55299999937],[100754.2490000017,450319.48800000176],[100762.67100000009,450327.89400000125],[100847.19799999893,450412.2650000006],[100930.81399999931,450495.72700000182],[100932.26700000092,450497.17700000107],[100935.02800000086,450499.93200000003],[100936.79800000042,450501.69799999893],[101076.06300000101,450640.62799999863],[101156.37099999934,450720.74300000072],[101202.26900000125,450766.53200000152],[101205.84499999881,450770.09899999946],[101213.69099999964,450777.92700000107],[101317.21599999815,450881.54600000009],[101320.11899999902,450884.45199999958],[101420.29899999872,450984.72100000083],[101441.69999999925,451006.1409999989],[101463.10099999979,451027.56100000069],[101473.96499999985,451038.43499999866],[101491.63500000164,451056.12099999934],[101497.56199999899,451062.05299999937],[101499.71700000018,451064.21000000089],[101460.39799999818,451103.30200000107],[101438.42199999839,451125.14999999851],[101430.91899999976,451132.6090000011],[101430.03700000048,451133.48699999973],[101427.63699999824,451135.87299999967]]]},"properties":{"OBJECTID":22,"bu_naam":"Moerkapelle kassengebied","wk_naam":"Moerkapelle wijk 01","gm_naam":"Zuidplas","Shape_Length":7733.0090917834505,"Shape_Area":1508738.440224892}},{"type":"Feature","id":23,"geometry":{"type":"Polygon","coordinates":[[[99250.004799999297,447179.10599999875],[99168.857999999076,447350.128800001],[99093.96799999848,447299.94649999961],[98786.876099999994,447111.43120000139],[98391.206599999219,446875.07200000063],[98294.919599998742,446817.19519999996],[98198.632800001651,446759.31850000098],[98116.052600000054,446713.82019999996],[97840.302799999714,446415.42100000009],[97750.022900000215,446500.73959999904],[97747.15700000152,446495.80600000173],[97739.714999999851,446482.77499999851],[97724.901000000536,446456.4290000014],[97714.447000000626,446437.31799999997],[97705.278000000864,446418.64900000021],[97696.179999999702,446399.01799999923],[97688.164000000805,446381.04100000113],[97685.416999999434,446373.78299999982],[97682.828999999911,446366.52800000086],[97677.912000000477,446352.35700000077],[97673.414000000805,446338.52800000086],[97669.561999998987,446324.76300000027],[97665.88599999994,446311.5709999986],[97662.21400000155,446297.54100000113],[97659.09299999848,446284.28299999982],[97657.861999999732,446277.71000000089],[97656.622000001371,446270.2509999983],[97655.561999998987,446256.72800000012],[97655.140999998897,446242.90399999917],[97655.030999999493,446227.36499999836],[97655.443999998271,446213.70300000161],[97656.278000000864,446200.90599999949],[97656.977000001818,446194.31700000167],[97657.811000000685,446187.9990000017],[97659.002000000328,446181.31100000069],[97660.453999999911,446174.28200000152],[97665.778000000864,446157.54899999872],[97633.469000000507,446049.03200000152],[97619.21400000155,446002.50600000098],[97584.493000000715,445889.18299999833],[97538.888000000268,445736.69299999997],[97500.548999998719,445609.77600000054],[97495.719999998808,445593.78999999911],[97455.041999999434,445569.60099999979],[97437.23900000006,445559.48600000143],[97407.602000001818,445543.40300000086],[97401.004000000656,445537.09499999881],[97370.56799999997,445509.83799999952],[97360.642999999225,445501.11899999902],[97344.162000000477,445487.3900000006],[97327.684000000358,445474.4990000017],[97313.719999998808,445445.82600000128],[97310.655999999493,445438.9299999997],[97308.581000000238,445433.34600000083],[97295.052000001073,445395.41699999943],[97301.348999999464,445383.16000000015],[97313.19299999997,445365.06799999997],[97328.315999999642,445341.59299999848],[97344.410000000149,445316.71200000122],[97363.734000001103,445289.44999999925],[97388.21799999848,445240.17399999872],[97365.647999998182,445219.92500000075],[97357.912999998778,445214.43800000101],[97351.885000001639,445210.16200000048],[97342.379999998957,445203.77400000021],[97322.495000001043,445188.55000000075],[97318.789000000805,445186.10099999979],[97310.026000000536,445181.73299999908],[97284.414999999106,445169.78000000119],[97267.798000000417,445160.60099999979],[97260.434000000358,445155.68800000101],[97256.964999999851,445152.32600000128],[97251.129999998957,445141.79500000179],[97248.06799999997,445134.73999999836],[97246.833000000566,445130.98900000006],[97246.175000000745,445125.74500000104],[97246.405000001192,445121.32299999893],[97247.684999998659,445117.40799999982],[97265.798000000417,445063.37799999863],[97275.381999999285,445021.55099999905],[97280.657999999821,444998.52800000086],[97283.691700000316,444982.24219999835],[97339.613099999726,444963.82009999827],[97434.030999999493,444861.96719999984],[97467.198399998248,444778.77919999883],[97506.735199999064,444679.61659999937],[97552.763000000268,444589.65810000151],[97595.571400001645,444529.54309999943],[97586.533500000834,444496.64620000124],[97488.828999999911,444418.6202000007],[97434.7714000009,444369.90129999816],[97427.377999998629,444363.23800000176],[97425.216099999845,444364.49760000035],[97381.151999998838,444390.1708999984],[97380.520799998194,444394.60399999842],[97381.147999998182,444390.1640000008],[97381.315999999642,444382.90900000185],[97381.087999999523,444372.50400000066],[97380.227000001818,444360.20699999854],[97378.671000000089,444352.32299999893],[97375.51099999994,444340.41600000113],[97370.346000000834,444322.7890000008],[97364.94299999997,444306.42000000179],[97353.820999998599,444275.46499999985],[97351.97899999842,444269.01300000027],[97350.563999999315,444262.52199999988],[97350.017000000924,444252.12799999863],[97349.934999998659,444243.96799999848],[97350.997000001371,444238.90900000185],[97352.730999998748,444231.56199999899],[97354.638999998569,444224.72500000149],[97357.300000000745,444217.30700000003],[97360.817000001669,444209.81399999931],[97365.234000001103,444203.06300000101],[97370.420000001788,444195.98200000077],[97378.63599999994,444184.9849999994],[97388.243999999017,444173.38699999824],[97396.296999998391,444164.50600000098],[97405.456000000238,444154.14999999851],[97420.679000001401,444139.12000000104],[97426.872999999672,444133.67599999905],[97433.164999999106,444129.26700000092],[97438.508999999613,444125.67300000042],[97444.583999998868,444122.23999999836],[97448.605000000447,444121.09600000083],[97457.813000001013,444117.47899999842],[97464.125999998301,444115.09299999848],[97495.666999999434,444099.36899999902],[97502.328000001609,444095.69799999893],[97508.409000001848,444092.1950000003],[97512.175000000745,444089.75499999896],[97514.38599999994,444087.72700000182],[97521.945999998599,444080.65100000054],[97528.070000000298,444076.12299999967],[97530.513999998569,444073.82999999821],[97535.188000001013,444068.51099999994],[97535.679000001401,444067.95199999958],[97540.144000001252,444061.94999999925],[97543.574999999255,444056.04500000179],[97546.08900000155,444049.60909999907],[97965.778000000864,444234.32919999957],[98158.473999999464,444322.871199999],[98175.576999999583,444284.20320000127],[98219.667100001127,444305.67020000145],[98205.273099999875,444341.63910000026],[98881.223000001162,444644.28220000118],[99483.407699998468,444916.37200000137],[99482.929000001401,444917.40199999884],[99537.397999998182,444941.98000000045],[99552.436000000685,444948.74199999869],[99890.866999998689,445100.93200000003],[99895.717000000179,445103.11300000176],[100158.50499999896,445221.28700000048],[100339.05299999937,445302.47800000012],[100403.26000000164,445331.35099999979],[100404.23099999875,445331.78799999878],[100424.15599999949,445340.74799999967],[100437.31300000101,445346.6640000008],[100437.34099999815,445346.67700000107],[100443.72599999979,445349.54800000042],[100443.79100000113,445349.57699999958],[100444.5,445349.89600000158],[100492.72399999946,445371.58199999854],[100515.45100000128,445381.80200000107],[100533.70100000128,445390.00899999961],[100535.96000000089,445391.02499999851],[100542.15700000152,445393.81199999899],[100548.21000000089,445396.53500000015],[100221.93100000173,446143.55270000175],[99940.6660999991,446796.40709999949],[99935.028999999166,446810.6660999991],[99890.900600001216,446791.32290000096],[99866.168200001121,446782.42720000073],[99883.729299999774,446734.07620000094],[99521.905999999493,446573.73220000044],[99473.504700001329,446686.9048999995],[99445.260699998587,446673.14110000059],[99436.932599999011,446692.62480000034],[99346.613600000739,446903.92770000175],[99291.337099999189,446879.15709999949],[99270.20910000056,446926.10209999979],[99346.546000000089,446960.4561999999],[99250.004799999297,447179.10599999875]]]},"properties":{"OBJECTID":23,"bu_naam":"Verspreide bebouwing Eendragtspolder","wk_naam":"Zevenhuizen wijk 02","gm_naam":"Zuidplas","Shape_Length":11299.09776095352,"Shape_Area":6042199.6120047439}},{"type":"Feature","id":24,"geometry":{"type":"Polygon","coordinates":[[[105608.78999999911,443958.22019999847],[105373.42480000108,444155.95459999889],[105314.66039999947,444058.12849999964],[105259.96009999886,444000.00019999966],[105217.64299999923,443962.61520000175],[105178.98449999839,443935.83610000089],[105350.97580000013,443785.61829999834],[105379.81080000103,443797.97940000147],[105469.32840000093,443817.4824000001],[105492.72019999847,443820.48169999942],[105509.78020000085,443833.02939999849],[105530.19739999995,443853.99680000171],[105550.44959999993,443881.29320000112],[105584.89999999851,443927.85080000013],[105608.78999999911,443958.22019999847]]]},"properties":{"OBJECTID":24,"bu_naam":"Ambonwijk","wk_naam":"Moordrecht wijk 03","gm_naam":"Zuidplas","Shape_Length":1160.7518994194363,"Shape_Area":83445.047720409086}},{"type":"Feature","id":25,"geometry":{"type":"Polygon","coordinates":[[[102255.21660000086,442096.0960999988],[102097.99859999865,442199.50120000169],[101986.45780000091,442079.94339999929],[101812.39090000093,441910.97089999914],[101783.81419999897,441885.3209999986],[101701.88329999894,441817.18679999933],[101610.98299999908,441741.59360000119],[101320.26469999924,441529.00219999999],[101378.01130000129,441452.4822999984],[101379.12189999968,441451.01069999859],[101393.20850000158,441460.54729999974],[101639.99810000136,441116.86309999973],[101665.21429999918,441077.06030000001],[101702.90349999815,441015.98169999942],[101745.37180000171,441071.45899999887],[101775.15509999916,441120.26419999823],[101786.28069999814,441138.49549999833],[101803.72590000182,441167.08260000125],[101942.72870000079,441429.10249999911],[101983.48589999974,441524.6270999983],[102059.55070000142,441683.67159999907],[102090.89799999818,441749.21590000018],[102106.1651000008,441782.98649999872],[102183.02629999816,441953.00169999897],[102255.21660000086,442096.0960999988]]]},"properties":{"OBJECTID":25,"bu_naam":"Esse Laag","wk_naam":"Nieuwerkerk aan den IJssel wijk 04","gm_naam":"Zuidplas","Shape_Length":3089.560341849316,"Shape_Area":430622.4694976781}},{"type":"Feature","id":26,"geometry":{"type":"Polygon","coordinates":[[[105326,448604],[105281,448652],[105210,448620],[105127.32299999893,448579.07899999991],[105111,448571],[105000,448512],[104973,448500],[104905,448463],[104870,448441],[104837,448415],[104810,448390],[104781,448360],[104755,448327],[104699.98009999841,448242.64009999856],[104647.79549999908,448123.01509999856],[104636.83999999985,448054.4001000002],[104631.62009999901,447980.49010000005],[104635.89999999851,447922.51009999961],[104631.99020000175,447870.53009999916],[104660.75010000169,447775.28009999916],[104694.51009999961,447705.23009999841],[104737.19509999827,447632.23009999841],[104775.78009999916,447560.9701000005],[104801.19009999931,447490.71009999886],[104817.14999999851,447407.1501000002],[104853.67000000179,447416.74020000175],[104912.06940000132,447475.07999999821],[105275.5700000003,447838.21009999886],[105281.96999999881,447851.8601000011],[105351.71000000089,447833.62000000104],[105404.23099999875,447816.33999999985],[105409.13300000131,447830.69700000063],[105413.1259999983,447841.53599999845],[105419.58700000122,447857.71499999985],[105424.28799999878,447865.84600000083],[105432.87900000066,447880.97500000149],[105440.82299999893,447894.1790000014],[105447.53299999982,447904.71299999952],[105454.62799999863,447914.66200000048],[105477.71700000018,447947.13599999994],[105503.26300000027,447983.14799999818],[105521.74599999934,448009.8900000006],[105533.86600000039,448028.84299999848],[105542.9609999992,448042.20800000057],[105551.85799999908,448054.60300000012],[105560.41699999943,448068.69099999964],[105566.43299999833,448082.00200000033],[105573.08199999854,448096.80799999833],[105578.81799999997,448109.45499999821],[105584.82899999991,448121.68400000036],[105590.28799999878,448137.20300000161],[105598.50899999961,448169.69700000063],[105604.27699999884,448188.65300000086],[105610.62900000066,448216.08100000024],[105610.99199999869,448224.88500000164],[105611.29399999976,448227.06100000069],[105611.54199999943,448229.5009999983],[105612.96499999985,448236.60799999908],[105614.69900000095,448244.87900000066],[105615.52100000158,448250],[105616.84099999815,448262.70300000161],[105620.14600000158,448299.20100000128],[105621.55900000036,448304.50600000098],[105622.80799999833,448310.24100000039],[105620.23099999875,448346.39499999955],[105619.93600000069,448365.38399999961],[105619.18210000172,448371.04740000144],[105614.53999999911,448405.92100000009],[105610.70899999887,448429.95800000057],[105605.5549999997,448455.66800000146],[105604.43299999833,448461.45699999854],[105600.33399999887,448476.48299999908],[105596.12299999967,448491.13599999994],[105593.33100000024,448500],[105592.83500000089,448501.57499999925],[105591.33999999985,448505.8599999994],[105582.20699999854,448500],[105571.7109999992,448493.2650000006],[105561.18600000069,448486.51199999824],[105554.87799999863,448482.46499999985],[105551.35700000077,448480.20600000024],[105547.30299999937,448477.60500000045],[105538.38599999994,448471.88300000131],[105520.37000000104,448460.32400000095],[105500,448450.95199999958],[105473.12999999896,448438.58900000155],[105431.51000000164,448419.43899999931],[105430.85200000182,448419.13599999994],[105411.91000000015,448415.08199999854],[105405.84600000083,448413.78400000185],[105383.52699999884,448415.11199999973],[105363.82600000128,448421.00299999863],[105345.4459999986,448431.42300000042],[105328.17000000179,448447.20399999991],[105307.25299999863,448481.53500000015],[105306.7340000011,448481.26700000092],[105309.67399999872,448500],[105313.3759999983,448523.58199999854],[105326,448604]]]},"properties":{"OBJECTID":26,"bu_naam":"Bedrijventerrein Gouwepark","wk_naam":"Moordrecht wijk 03","gm_naam":"Zuidplas","Shape_Length":3664.1378611535342,"Shape_Area":717653.36043882626}},{"type":"Feature","id":27,"geometry":{"type":"Polygon","coordinates":[[[99499.958999998868,444880.75699999928],[99483.407699998468,444916.37200000137],[98881.223000001162,444644.28220000118],[98205.273099999875,444341.63910000026],[98219.667100001127,444305.67020000145],[98175.576999999583,444284.20320000127],[98158.473999999464,444322.871199999],[97965.778000000864,444234.32919999957],[98000.000100001693,444166.11219999939],[98083.333099998534,444000.00019999966],[98334.166000001132,443500.00019999966],[98585.000100001693,443000.00019999966],[98647.712000001222,442874.99219999835],[98724.642000000924,442896.3702000007],[98837.565000001341,442957.70919999853],[98966.039999999106,442984.05820000172],[98984.462999999523,443000.00019999966],[99000,443013.44420000166],[99108.925999999046,443107.70120000094],[99267.984999999404,443246.9571999982],[99395.875,443358.92500000075],[99392.719999998808,443363.30000000075],[99386.5,443372.05999999866],[99383.559999998659,443376.08999999985],[99363.780000001192,443403.21000000089],[99353.629999998957,443394.3200000003],[99243.995999999344,443298.23999999836],[99156.938999999315,443221.9459999986],[99145.670000001788,443212.0700000003],[99120.89999999851,443240.32999999821],[99113.789999999106,443235.30999999866],[99092.539999999106,443220.07999999821],[99073.988000001758,443261.86400000006],[98976.69299999997,443481.00600000098],[98883.420000001788,443691.08999999985],[98871.410000000149,443718.1400000006],[99088.39999999851,443800.44999999925],[99110.949999999255,443809.00400000066],[99232.469999998808,443855.09800000116],[99248.55700000003,443861.19999999925],[99470.929999999702,443945.55000000075],[99472.370000001043,443961.35200000182],[99472.473000001162,443962.49300000072],[99473.572000000626,443974.63100000098],[99475.403000000864,443994.84499999881],[99476.339999999851,444005.18600000069],[99476.559999998659,444007.61199999973],[99476.780999999493,444010.0700000003],[99483.85000000149,444087.98999999836],[99484.405999999493,444094.3590000011],[99484.89999999851,444100.73299999908],[99485.33199999854,444107.11199999973],[99485.701000001281,444113.49500000104],[99486.028999999166,444120.38300000131],[99486.285000000149,444127.27400000021],[99486.46799999848,444134.16699999943],[99486.578000001609,444141.06199999899],[99486.616000000387,444147.95699999854],[99486.581000000238,444154.85200000182],[99486.473999999464,444161.74700000137],[99486.29300000146,444168.6400000006],[99486.039999999106,444175.53099999949],[99485.714999999851,444182.41899999976],[99485.317000001669,444189.30299999937],[99484.846000000834,444196.18299999833],[99484.302999999374,444203.05700000003],[99483.688000001013,444209.92500000075],[99483,444216.78599999845],[99482.239999998361,444223.6400000006],[99481.414000000805,444230.59299999848],[99480.513000000268,444237.53700000048],[99479.539000000805,444244.47100000083],[99478.491999998689,444251.39499999955],[99477.370999999344,444258.30600000173],[99476.177000001073,444265.20600000024],[99474.910000000149,444272.09200000018],[99473.570000000298,444278.96499999985],[99472.15700000152,444285.82299999893],[99470.671999998391,444292.66600000113],[99469.11400000006,444299.49199999869],[99467.482999999076,444306.30200000107],[99465.780999999493,444313.09400000051],[99464.006000000983,444319.86800000072],[99462.160000000149,444326.62200000137],[99460.241999998689,444333.35599999875],[99458.252999998629,444340.0700000003],[99456.19299999997,444346.76199999824],[99454.061000000685,444353.43200000003],[99451.859999999404,444360.07899999991],[99449.587999999523,444366.70199999958],[99447.245000001043,444373.30099999905],[99444.833000000566,444379.8740000017],[99442.350999999791,444386.42199999839],[99439.800000000745,444392.94299999997],[99437.179999999702,444399.43600000069],[99434.550000000745,444405.76099999994],[99431.85399999842,444412.05900000036],[99429.094000000507,444418.32800000161],[99426.267999999225,444424.56899999827],[99423.377999998629,444430.78000000119],[99420.423999998719,444436.96000000089],[99417.361999999732,444443.20100000128],[99414.234000001103,444449.41000000015],[99411.039999999106,444455.58399999887],[99407.780999999493,444461.72500000149],[99404.456000000238,444467.82999999821],[99401.067000001669,444473.89999999851],[99398.64999999851,444478.1400000006],[99380.153000000864,444510.41200000048],[99367.120000001043,444533.14999999851],[99398.35000000149,444551.05000000075],[99485.109999999404,444600.78000000119],[99499.86400000006,444609.23699999973],[99531.320000000298,444627.26999999955],[99515.390999998897,444662.75200000033],[99503.280000001192,444689.73000000045],[99498.489999998361,444700.40199999884],[99481.585999999195,444738.06300000101],[99467,444770.55999999866],[99468.743000000715,444771.34299999848],[99536.640000000596,444801.8200000003],[99534.72500000149,444805.94999999925],[99521.892999999225,444833.56100000069],[99521.848000001162,444833.65700000152],[99520.789999999106,444835.93499999866],[99517.440999999642,444843.1409999989],[99499.958999998868,444880.75699999928]]]},"properties":{"OBJECTID":27,"bu_naam":"Zevenhuizerplas","wk_naam":"Zevenhuizen wijk 02","gm_naam":"Zuidplas","Shape_Length":6938.509588029111,"Shape_Area":1629758.4788085914}},{"type":"Feature","id":28,"geometry":{"type":"Polygon","coordinates":[[[104755,448327],[104609,448365],[104598.43299999833,448361.67000000179],[104552.43299999833,448347.17199999839],[104520.06799999997,448336.97100000083],[104356.00600000098,448285.26199999824],[104350.10700000077,448283.40300000086],[104338.47599999979,448283.06199999899],[104324.10300000012,448282.6409999989],[104317.13919999823,448282.43690000102],[104310.07999999821,448282.23000000045],[104304.45300000161,448282.06500000134],[104304.26700000092,448277.13599999994],[104299.69900000095,448156.17799999937],[104293.78400000185,448156.40100000054],[104293.5150000006,448153.70399999991],[104288.74599999934,448105.91800000146],[104285.47100000083,448102.63500000164],[104283.82999999821,448100.99100000039],[104278.26999999955,448095.41699999943],[104277.76999999955,448094.91499999911],[104256.9840000011,448074.08199999854],[104228.57299999893,448045.47199999914],[104200.74100000039,448017.4450000003],[104172.87000000104,447989.37900000066],[104167.75499999896,447984.22800000012],[104167.49599999934,447983.96799999848],[104143.38399999961,447960.87000000104],[104115,447932.49100000039],[104085.90500000119,447903.39999999851],[104080.08900000155,447897.5859999992],[104077.25899999961,447894.75600000098],[104073.96599999815,447891.46400000155],[104070.55200000107,447888.05000000075],[104069.92599999905,447887.42500000075],[104058.38699999824,447875.88699999824],[104051.6409999989,447869.08700000122],[104039.70199999958,447857.05200000107],[104038.84800000116,447856.19099999964],[104034.00899999961,447851.31300000101],[104030.625,447847.90100000054],[104000.35700000077,447818.02600000054],[103995.8040000014,447813.53299999982],[103973.88599999994,447791.45499999821],[103971.9840000011,447789.5390000008],[103961.25200000033,447779.4299999997],[103943.59099999815,447761.9990000017],[103914.78700000048,447733.19999999925],[103858.55799999833,447676.98000000045],[103843.70699999854,447662.13800000027],[103829.69000000134,447648.12900000066],[103802.41000000015,447620.86600000039],[103790.92199999839,447609.38599999994],[103785.21200000122,447603.6790000014],[103746.94399999827,447565.43299999833],[103746.07200000063,447564.56100000069],[103671.77400000021,447490.30700000003],[103663.28599999845,447481.82400000095],[103635.4840000011,447454.0390000008],[103600.83100000024,447419.40599999949],[103579.23900000006,447397.82699999958],[103543.44399999827,447362.0540000014],[103538.88100000098,447357.49300000072],[103532.60200000182,447351.21700000018],[103532.44399999827,447351.05999999866],[103495.71200000122,447314.35000000149],[103482.56199999899,447301.20800000057],[103482.55920000002,447301.20919999853],[102209.08460000157,446032.05600000173],[102099.82290000096,445923.1651000008],[102108.26999999955,445914.69009999931],[102895.91090000048,445124.53929999843],[103540.93769999966,444478.9822999984],[103820.84010000154,444199.05009999871],[103990.08810000122,444028.16770000011],[104192.7536999993,443823.54270000011],[104387.98000000045,443626.43019999936],[104372.96999999881,443619.8300999999],[104341.31060000136,443606.18039999902],[104326.3200000003,443598.496199999],[104308.85000000149,443588.80020000041],[104296.30999999866,443580.6202000007],[104288.60200000182,443575.67000000179],[104282.80999999866,443571.95010000095],[104181.94619999826,443496.68409999833],[103948.48999999836,443316.21009999886],[104116.10759999976,443137.06260000169],[104247.19000000134,442990.46200000122],[104252.1259999983,442991.89900000021],[104264.52400000021,442998.56300000101],[104279.13100000098,443006.54199999943],[104298.63100000098,443017.16099999845],[104311.41600000113,443024.15300000086],[104334.07200000063,443036.48600000143],[104342.97399999946,443041.00899999961],[104362.62000000104,443051.625],[104380.46400000155,443063.17000000179],[104395.94799999893,443073.87000000104],[104417.9290000014,443088.92599999905],[104434.27800000086,443103.26900000125],[104452.53099999949,443120.03299999982],[104475.48800000176,443142.48800000176],[104505.65199999884,443172.15700000152],[104560.86400000006,443230.07400000095],[104586.48800000176,443256.42500000075],[104609.625,443278.48200000077],[104628.34099999815,443294.81100000069],[104650.25200000033,443312.09200000018],[104674.41800000146,443329.53400000185],[104699.43600000069,443346.93699999899],[104723.86800000072,443362.84299999848],[104755.89200000092,443379.83999999985],[104777.94999999925,443389.13500000164],[104787.22700000182,443393.04500000179],[104817.66499999911,443404.00600000098],[104844.38899999857,443411.81100000069],[104869.20399999991,443417.8590000011],[104886.11100000143,443422.03400000185],[104904.10500000045,443426.44700000063],[104911.91899999976,443428.2340000011],[104950.57999999821,443437.6240000017],[104969.70499999821,443442.26900000125],[105031.99599999934,443463.25299999863],[105075.48200000077,443479.24500000104],[105123.74399999902,443496.88100000098],[105164.89499999955,443511.03799999878],[105199.49399999902,443522.72899999842],[105232.8900000006,443533.4840000011],[105268.68400000036,443544.39600000158],[105304.61300000176,443555.58199999854],[105331.36199999973,443563.49500000104],[105334.10000000149,443564.3049999997],[105355.05999999866,443570.20699999854],[105391.09200000018,443578.85200000182],[105429.34499999881,443587.87000000104],[105475.42599999905,443598.53400000185],[105510.8900000006,443607.06899999827],[105543.98000000045,443615.46200000122],[105577.92300000042,443627.25499999896],[105611.89799999818,443642.17599999905],[105639.19099999964,443656.64400000125],[105653.88500000164,443664.83199999854],[105678.19099999964,443683.67599999905],[105698.14999999851,443702.01999999955],[105717.47800000012,443721.36300000176],[105736.99700000137,443742.86499999836],[105750.93400000036,443762],[105765.72500000149,443785.47800000012],[105774.0009999983,443800.14909999818],[105712.01000000164,443830.98020000011],[105690.21799999848,443847.39710000157],[105642.70010000095,443759.81019999832],[105586.71000000089,443733.00019999966],[105455.76000000164,443723.34010000154],[105412.78999999911,443715.26009999961],[105334.78999999911,443665.75019999966],[105311.03000000119,443648.51009999961],[105282.17009999976,443690.43010000139],[105250.26009999961,443743.82009999827],[105247.37950000167,443750.04210000113],[105268.78920000046,443756.42550000176],[105328.47659999877,443774.22159999982],[105350.97580000013,443785.61829999834],[105178.98449999839,443935.83610000089],[105217.64299999923,443962.61520000175],[105259.96009999886,444000.00019999966],[105242.31760000065,444012.48690000176],[105200.31700000167,443977.04219999909],[105127.98999999836,444041.33509999886],[105240.64779999852,444156.94900000095],[105157.89009999856,444241.6651000008],[105134.11169999838,444218.57710000128],[105115.73649999872,444236.90590000153],[105105.78550000116,444246.83170000091],[105059.28020000085,444199.48079999909],[105082.28940000013,444174.99839999899],[105038.71460000053,444131.04690000042],[104920.91010000184,444248.94009999931],[105030.46999999881,444358.9001000002],[104980.30999999866,444402.84010000154],[104896.3200000003,444490.55020000041],[104781.18180000037,444374.22170000151],[104638.92309999838,444516.58749999851],[105138.5661999993,445011.15199999884],[105106.3702000007,445037.0401000008],[105153.01000000164,445080.67020000145],[105190.12000000104,445056.26009999961],[105493.76999999955,445356.97019999847],[105657.3200000003,445518.5800999999],[105951.1400000006,445221.1501000002],[105955.21770000085,445157.67720000073],[106000.64440000057,445143.96550000086],[106264.3599999994,444954.49020000175],[106217.76999999955,444902.2201000005],[106204.57019999996,444910.8601000011],[106152.06019999832,444950.28009999916],[106140.01999999955,444930.78020000085],[106093.16000000015,444967.02010000125],[105965.80009999871,445059.6202000007],[105990.89999999851,445120.07889999822],[105903.3376000002,445151.41299999878],[105856.16000000015,445106.04019999877],[105799.01000000164,445049.17020000145],[105852.2650000006,444996.79520000145],[105908.46620000154,444967.2463000007],[105904.7435999997,444957.88419999927],[105916.71999999881,444950.64009999856],[106042.1799999997,444857.21009999886],[106153.30000000075,444774.27010000125],[106181.94000000134,444752.70010000095],[106167.89009999856,444719.22019999847],[106212.93310000002,444670.81670000032],[106215.29199999943,444673.27499999851],[106221.11199999973,444679.6099999994],[106228.06100000069,444686.63500000164],[106234.84600000083,444693.875],[106242.73800000176,444701.86199999973],[106250.54600000009,444710.34499999881],[106258.06599999964,444718.25800000131],[106265.52699999884,444726.31700000167],[106275.09600000083,444736.93100000173],[106327.77100000158,444791.8040000014],[106355.5009999983,444825.96599999815],[106431.62999999896,444929.32299999893],[106486.69399999827,445008.44200000167],[106504.16200000048,445033.54199999943],[106576.51700000092,445130.60500000045],[106599.89699999988,445157.62999999896],[106617.50299999863,445175.41800000146],[106654.32699999958,445210.26700000092],[106838.26300000027,445384.68699999899],[106895.84200000018,445439.52699999884],[106946.56500000134,445487.8359999992],[106961.83500000089,445500],[107000,445530.40300000086],[107005.75499999896,445534.47399999946],[107027.85000000149,445549.94000000134],[107027.50899999961,445550.14499999955],[107000,445566.6950000003],[106977.08399999887,445580.48099999875],[106964.71000000089,445587.92500000075],[106945.66699999943,445599.38199999928],[106940.96299999952,445602.21200000122],[106927.15100000054,445610.52100000158],[106918.16000000015,445615.9299999997],[106871.80000000075,445643.8200000003],[106806.03000000119,445684.12999999896],[106709.4299999997,445742.12000000104],[106684.21200000122,445726.56500000134],[106682.51300000027,445725.57899999991],[106678.85000000149,445723.45100000128],[106606.71999999881,445681.56700000167],[106553.34310000017,445649.00789999962],[106784.31540000066,445488.73119999841],[106793.53999999911,445482.32999999821],[106747.67889999971,445424.66230000183],[106734.76999999955,445408.43010000139],[106699.42000000179,445361.1101000011],[106669.21000000089,445345.29019999877],[106636.96999999881,445336.63019999862],[106576.92000000179,445328.17020000145],[106519.95499999821,445302.93019999936],[106426.12920000032,445223.32019999996],[106414.44000000134,445213.4021999985],[106142.46000000089,445406.45010000095],[106267.18010000139,445480.3601000011],[106447.50200000033,445587.10099999979],[106427.77600000054,445606.81500000134],[106393.97300000116,445640.59899999946],[106089.60799999908,445944.78200000152],[106086.37700000033,445948.04800000042],[106084.21499999985,445950.2349999994],[106073.30719999969,445961.26520000026],[106053.50400000066,445981.29100000113],[105909.97100000083,446126.43200000003],[105800.57699999958,446237.05299999937],[105785.39900000021,446240.0700000003],[105686.39699999988,446259.74700000137],[105545.73200000077,446287.70499999821],[105258.67500000075,446344.75899999961],[105058.38399999961,446546.21599999815],[105030.53400000185,446574.22800000012],[105169.81199999899,446713.30600000173],[105197.28500000015,446740.73900000006],[105223.09400000051,446766.62000000104],[105227.375,446770.8909999989],[105460.84980000183,447003.87079999968],[105511.36499999836,447054.27899999917],[105521.6950000003,447064.56799999997],[105524.26000000164,447066.90199999884],[105556.01999999955,447093.91600000113],[105590.99799999967,447115.91600000113],[105620.96299999952,447130.69099999964],[105625.59499999881,447132.04800000042],[105656.3900000006,447141.06700000167],[105673.5390000008,447146.09800000116],[105723.82600000128,447152.59200000018],[105734.03299999982,447153.91000000015],[105741.99599999934,447153.54500000179],[105767.03000000119,447152.39900000021],[105768.32200000063,447158.64400000125],[105785.04800000042,447181.13800000027],[105811.05600000173,447216.11300000176],[105776.87700000033,447242.13500000164],[105773.32999999821,447244.80000000075],[105721.28999999911,447281.05600000173],[105666.34800000116,447319.33199999854],[105662.3900000006,447322.08999999985],[105641.93100000173,447337.87900000066],[105621.68299999833,447353.50600000098],[105600.69999999925,447369.69999999925],[105573.3200000003,447390.73000000045],[105570.44000000134,447392.95199999958],[105548.7659999989,447409.67399999872],[105530.07999999821,447424.08999999985],[105511.04899999872,447438.65900000185],[105490.66600000113,447454.35599999875],[105486.69000000134,447457.84299999848],[105483.48900000006,447461.06300000101],[105476.96499999985,447468.3209999986],[105469.49100000039,447479.38399999961],[105464.61699999869,447486.41200000048],[105460.66299999878,447491.59099999815],[105458.39799999818,447496.20699999854],[105446.76900000125,447516.7490000017],[105436.28299999982,447530.19900000095],[105432.9299999997,447536.37299999967],[105426.78000000119,447548.96900000051],[105422.38899999857,447558.17199999839],[105420.12999999896,447564.05000000075],[105416.93600000069,447571.34699999914],[105413.56700000167,447579.72599999979],[105410.39299999923,447588.35500000045],[105407.23800000176,447598.13399999961],[105402.70899999887,447615.81100000069],[105398.80099999905,447630.00400000066],[105396.63899999857,447641.27600000054],[105392.98900000006,447665.52299999818],[105389.53000000119,447700.19700000063],[105388.84200000018,447720.40700000152],[105389.17700000107,447729.07299999893],[105389.7109999992,447738.70899999887],[105390.4290000014,447746.4299999997],[105390.78700000048,447750],[105392.3590000011,447763.39499999955],[105394.97800000012,447776.68200000003],[105396.54199999943,447784.30099999905],[105399.01199999824,447795.63300000131],[105404.23099999875,447816.33999999985],[105351.71000000089,447833.62000000104],[105281.96999999881,447851.8601000011],[105275.5700000003,447838.21009999886],[104912.06940000132,447475.07999999821],[104853.67000000179,447416.74020000175],[104817.14999999851,447407.1501000002],[104801.19009999931,447490.71009999886],[104775.78009999916,447560.9701000005],[104737.19509999827,447632.23009999841],[104694.51009999961,447705.23009999841],[104660.75010000169,447775.28009999916],[104631.99020000175,447870.53009999916],[104635.89999999851,447922.51009999961],[104631.62009999901,447980.49010000005],[104636.83999999985,448054.4001000002],[104647.79549999908,448123.01509999856],[104699.98009999841,448242.64009999856],[104755,448327]]]},"properties":{"OBJECTID":28,"bu_naam":"Verspreide bebouwing Moordrecht","wk_naam":"Moordrecht wijk 03","gm_naam":"Zuidplas","Shape_Length":24680.022935042951,"Shape_Area":10445671.776968358}},{"type":"Feature","id":29,"geometry":{"type":"Polygon","coordinates":[[[100010.14200000092,447975.03700000048],[99789.020500000566,448191.48970000073],[99657.366099998355,448062.61140000075],[99618.79639999941,448064.89539999887],[99627.40210000053,447853.26460000128],[99642.790100000799,447793.04410000145],[99646.087799999863,447783.15170000121],[99667.015999998897,447736.61410000175],[99728.611099999398,447759.74309999868],[99739.460099998862,447726.98710000142],[99756.34299999848,447711.33210000023],[99770.194499999285,447680.44550000131],[99793.502000000328,447686.54419999942],[99822.333399999887,447644.07860000059],[99861.390000000596,447648.40810000151],[99932.394099999219,447660.37110000104],[100011.5821999982,447579.79170000181],[100205.7221999988,447770.16860000044],[100151.46229999885,447828.82239999995],[100155.26999999955,447832.87929999828],[100099.07019999996,447889.24760000035],[100050.49540000036,447839.58229999989],[99984.819800000638,447894.4338000007],[100022.49879999831,447934.32420000061],[99996.293999999762,447961.39499999955],[100010.14200000092,447975.03700000048]]]},"properties":{"OBJECTID":29,"bu_naam":"Swanla","wk_naam":"Zevenhuizen wijk 02","gm_naam":"Zuidplas","Shape_Length":2028.5880366046697,"Shape_Area":191146.73121082812}},{"type":"Feature","id":30,"geometry":{"type":"Polygon","coordinates":[[[100459.96119999886,447499.59450000152],[100366.4076000005,447591.84670000151],[100182.79610000178,447410.95320000127],[100277.14699999988,447317.91110000014],[100253.41539999843,447294.44649999961],[100303.0960999988,447246.52259999886],[100347.8414000012,447295.25919999927],[100558.6959999986,447090.11320000142],[100466.1400000006,446998.02010000125],[100513.80200000107,446950.55330000073],[100154.80059999973,446602.55469999835],[100362.08280000091,446115.78379999846],[100575.32779999822,446325.7303000018],[100607.12519999966,446293.43329999968],[101146.28440000117,446824.25340000167],[100467.63080000132,447508.54720000178],[100459.96119999886,447499.59450000152]]]},"properties":{"OBJECTID":30,"bu_naam":"Zevenhuizen-Zuid","wk_naam":"Zevenhuizen wijk 02","gm_naam":"Zuidplas","Shape_Length":4288.0146684380361,"Shape_Area":650501.38560320821}},{"type":"Feature","id":31,"geometry":{"type":"Polygon","coordinates":[[[99558.551100000739,450619.62510000169],[99541.186000000685,450637.00710000098],[99454.662799999118,450549.99109999835],[99455.565000001341,450464.48840000108],[99455.732900001109,450448.57649999857],[99390.52499999851,450444.50340000167],[99409.687100000679,450276.17819999903],[99511.494100000709,449483.27419999987],[99565.695099998266,449107.80519999936],[99558.931099999696,448808.04019999877],[99574.191100001335,448739.87519999966],[99594.887499999255,448066.31120000035],[99618.79639999941,448064.89539999887],[99657.366099998355,448062.61140000075],[99789.020500000566,448191.48970000073],[100010.14200000092,447975.03700000048],[99996.293999999762,447961.39499999955],[100022.49879999831,447934.32420000061],[99984.819800000638,447894.4338000007],[100050.49540000036,447839.58229999989],[100099.07019999996,447889.24760000035],[100155.26999999955,447832.87929999828],[100151.46229999885,447828.82239999995],[100205.7221999988,447770.16860000044],[100011.5821999982,447579.79170000181],[100182.79610000178,447410.95320000127],[100366.4076000005,447591.84670000151],[100459.96119999886,447499.59450000152],[100467.63080000132,447508.54720000178],[101146.28440000117,446824.25340000167],[100607.12519999966,446293.43329999968],[100575.32779999822,446325.7303000018],[100362.08280000091,446115.78379999846],[100154.80059999973,446602.55469999835],[100060.64550000057,446839.4439000003],[99940.6660999991,446796.40709999949],[100221.93100000173,446143.55270000175],[100548.21000000089,445396.53500000015],[100591.87999999896,445299.53000000119],[100602.83999999985,445274.35000000149],[100635.25,445201.21999999881],[100659.23999999836,445146.21000000089],[100680.12000000104,445099.92000000179],[100705.69000000134,445045.48000000045],[100757.42000000179,444927.87999999896],[100802.28000000119,444826.51999999955],[100817.37799999863,444790.74599999934],[100829.35000000149,444762.37999999896],[100837.28000000119,444741.1799999997],[100839.98000000045,444730.46999999881],[100842.6799999997,444711.78000000119],[100842.68200000003,444711.66000000015],[100842.98000000045,444698.44900000095],[100843.14999999851,444690.90700000152],[100868.17000000179,444690.97019999847],[101040.21599999815,444862.39420000091],[101040.44299999997,444862.62049999833],[101065.51209999993,444887.61809999868],[101147.14840000123,444969.02259999886],[101229.0700000003,445050.71009999886],[101249.25120000169,445070.83399999887],[101311.62200000137,445133.0271999985],[101525.11820000038,445345.91600000113],[101534.80999999866,445355.5800999999],[101533.9609999992,445356.42909999937],[101533.25,445357.14009999856],[101543.46790000051,445367.36030000076],[101543.4833999984,445367.37590000033],[101543.49879999831,445367.39139999822],[101782.15300000086,445606.10310000181],[102099.82290000096,445923.1651000008],[102209.08460000157,446032.05600000173],[103482.55920000002,447301.20919999853],[103479.5709999986,447302.4609999992],[103446.45199999958,447316.33100000024],[103298.13599999994,447378.4459999986],[103207.83700000122,447416.26300000027],[103082.30700000003,447469.29699999839],[102863.24799999967,447561.84600000083],[102834.26799999923,447574.08999999985],[102773.79600000009,447599.63800000027],[102756.79300000146,447606.82200000063],[102714.94000000134,447648.97100000083],[102697.39499999955,447631.48900000006],[102690.33500000089,447634.47700000182],[102666.82899999991,447644.42399999872],[102657.70600000024,447648.28500000015],[102555.94099999964,447750.31799999997],[102399.0700000003,447907.60200000182],[102394.66000000015,447912.02299999818],[102163.1099999994,448144.18299999833],[102134.88100000098,448172.4840000011],[102110.1790000014,448197.25],[102105.63399999961,448201.80900000036],[102071.87099999934,448235.66000000015],[102057.25699999928,448250.31300000101],[102045.09200000018,448262.51000000164],[102041.62099999934,448265.99100000039],[102010.68699999899,448297.00600000098],[102005.15199999884,448302.55700000003],[101628.18100000173,448681.31100000069],[101553.97500000149,448755.86899999902],[101545.16200000048,448764.72399999946],[101542.26999999955,448763.42700000107],[101539.15799999982,448762.82299999893],[101538.00800000131,448763.54100000113],[101537.75,448765.45499999821],[101537.64999999851,448766.19900000095],[101539.85200000182,448768.10200000182],[101043.32499999925,449266.66800000146],[101038.91899999976,449271.09400000051],[100992.35500000045,449317.87700000033],[100971.89699999988,449338.4299999997],[100951.43899999931,449358.98299999908],[100951.13100000098,449359.29300000146],[100770.83379999921,449540.43340000138],[100738.49700000137,449505.01819999889],[100734.39009999856,449509.25310000032],[100720.50400000066,449495.40619999915],[100744.10909999907,449470.97720000148],[100221.69700000063,448950.71220000088],[99888.685100000352,449284.81810000166],[100206.60799999908,449603.39620000124],[99953.440099999309,449858.98209999874],[100015.79399999976,449921.35310000181],[99874.324000000954,450063.49410000071],[99875.473999999464,450064.64119999856],[99762.071100000292,450178.63410000131],[99757.923999998719,450175.84519999847],[99659.602099999785,450274.75109999999],[99741.289000000805,450355.5540000014],[99669.456099998206,450427.92009999976],[99585.699999999255,450514.05409999937],[99625.361099999398,450552.75310000032],[99583.273499999195,450594.88010000065],[99558.551100000739,450619.62510000169]]]},"properties":{"OBJECTID":31,"bu_naam":"Verspreide bebouwing Zuidplaspolder Zevenhuizen","wk_naam":"Zevenhuizen wijk 02","gm_naam":"Zuidplas","Shape_Length":20401.510918247735,"Shape_Area":8960780.7545620836}},{"type":"Feature","id":32,"geometry":{"type":"Polygon","coordinates":[[[99423.921100001782,447212.83909999952],[99409.249099999666,447253.85009999946],[99250.004799999297,447179.10599999875],[99346.546000000089,446960.4561999999],[99270.20910000056,446926.10209999979],[99291.337099999189,446879.15709999949],[99346.613600000739,446903.92770000175],[99436.932599999011,446692.62480000034],[99445.260699998587,446673.14110000059],[99473.504700001329,446686.9048999995],[99521.905999999493,446573.73220000044],[99883.729299999774,446734.07620000094],[99866.168200001121,446782.42720000073],[99890.900600001216,446791.32290000096],[99867.352400001138,446846.99549999833],[99843.711800001562,446836.94629999995],[99837.659600000829,446852.18910000101],[99880.28200000152,446870.91450000182],[99867.434599999338,446902.19489999861],[99850.068500000983,446894.59450000152],[99832.892099998891,446933.93809999898],[99786.138399999589,446912.86360000074],[99773.923000000417,446938.51509999856],[99774.960400000215,446939.01339999959],[99796.371500000358,446949.25340000167],[99788.923999998719,446963.40309999883],[99780.918200001121,446978.48389999941],[99759.117600001395,447023.65260000154],[99639.430599998683,446955.58289999887],[99542.112599998713,446912.44759999961],[99497.350499998778,446999.09070000052],[99423.921100001782,447212.83909999952]]]},"properties":{"OBJECTID":32,"bu_naam":"Zevenhuizen-West 2","wk_naam":"Zevenhuizen wijk 02","gm_naam":"Zuidplas","Shape_Length":2533.4889862975892,"Shape_Area":195568.87664148811}},{"type":"Feature","id":33,"geometry":{"type":"Polygon","coordinates":[[[98786.662399999797,447139.84620000049],[98774.256999999285,447252.93519999832],[98207.22500000149,447171.73110000044],[98269.142099998891,446900.41010000184],[98276.42709999904,446867.46409999952],[98294.919599998742,446817.19519999996],[98391.206599999219,446875.07200000063],[98786.876099999994,447111.43120000139],[98786.662399999797,447139.84620000049]]]},"properties":{"OBJECTID":33,"bu_naam":"Recreatiepark De Korenmolen","wk_naam":"Zevenhuizen wijk 02","gm_naam":"Zuidplas","Shape_Length":1653.8340653259761,"Shape_Area":141876.16522692863}},{"type":"Feature","id":34,"geometry":{"type":"Polygon","coordinates":[[[101234.84010000154,442794.0784999989],[101194.67399999872,442820.6409999989],[101187.64200000092,442810.54190000147],[101166.48710000142,442780.16010000184],[101188.96510000154,442741.86050000042],[101156.64519999921,442676.71620000154],[101144.02050000057,442639.8515000008],[101151.34290000051,442626.97410000116],[101225.82970000058,442581.77690000087],[101253.09939999878,442570.91959999874],[101308.39629999921,442588.84699999914],[101329.4849999994,442607.26619999856],[101348.29089999944,442623.69170000032],[101370.5064000003,442633.74410000071],[101412.73290000111,442624.61609999835],[101430.29140000045,442633.26709999889],[101451.78750000149,442639.33159999922],[101457.84360000119,442641.0401000008],[101441.10000000149,442692.52650000155],[101418.36520000175,442709.69209999964],[101312.73319999874,442789.44790000096],[101234.84010000154,442794.0784999989]]]},"properties":{"OBJECTID":34,"bu_naam":"Kern Nieuwerkerk aan den IJssel","wk_naam":"Nieuwerkerk aan den IJssel wijk 04","gm_naam":"Zuidplas","Shape_Length":904.77574256315279,"Shape_Area":46314.303992603396}},{"type":"Feature","id":35,"geometry":{"type":"Polygon","coordinates":[[[102602.12799999863,443375.41360000148],[102599.05299999937,443378.98910000175],[102491.7890000008,443271.89510000125],[102458.60179999843,443304.38819999993],[102178.70670000091,443018.65359999985],[102034.45479999855,442948.53759999946],[102218.12539999932,442753.37730000168],[102215.59919999912,442716.08419999853],[102253.84760000184,442676.38170000166],[102266.73490000144,442687.69170000032],[102269.21130000055,442689.86499999836],[102300.3936999999,442672.13639999926],[102311.54890000075,442684.83359999955],[102328.3638000004,442703.97239999846],[102328.6810999997,442704.33359999955],[102347.17770000175,442686.72599999979],[102346.48930000141,442657.12150000036],[102317.52470000088,442627.40850000083],[102345.42320000008,442600.2126000002],[102386.6521999985,442568.23059999943],[102416.26040000096,442608.50459999964],[102448.56850000098,442652.45100000128],[102590.95279999822,442871.76729999855],[102626.35200000182,442928.940200001],[102738.29100000113,443109.73209999874],[102723.80299999937,443160.39009999856],[102718.79199999943,443185.68620000035],[102680.81010000035,443253.72120000049],[102652.90799999982,443297.61019999906],[102602.12799999863,443375.41360000148]]]},"properties":{"OBJECTID":35,"bu_naam":"Zuidplas Velden","wk_naam":"Nieuwerkerk aan den IJssel wijk 04","gm_naam":"Zuidplas","Shape_Length":2357.7759452390387,"Shape_Area":268700.92186202563}},{"type":"Feature","id":36,"geometry":{"type":"Polygon","coordinates":[[[105832.26060000062,444265.99819999933],[105802.05000000075,444285.55009999871],[105784.4701000005,444258.88019999862],[105767.6501000002,444270.00010000169],[105731.5800999999,444211.67009999976],[105717.16010000184,444220.37009999901],[105684.2798999995,444168.41010000184],[105675.12990000099,444114.03009999916],[105653.10000000149,444115.73009999841],[105648.66010000184,444065.29019999877],[105649.99199999869,444022.83430000022],[105655.1501000002,443986.05600000173],[105657.01000000164,443972.79250000045],[105667.63010000065,443923.91019999981],[105674.81010000035,443888.91019999981],[105671.75010000169,443861.31019999832],[105690.21799999848,443847.39710000157],[105712.01000000164,443830.98020000011],[105774.0009999983,443800.14909999818],[105799.73200000077,443872.98200000077],[105803.01199999824,443887.27100000158],[105806.94099999964,443903.83199999854],[105811.35300000012,443925.97199999914],[105815.28999999911,443948.0159999989],[105818.2109999992,443966.46700000018],[105821.45399999991,443989.49500000104],[105824.27499999851,444010.52600000054],[105826.36800000072,444029.0859999992],[105828.16600000113,444045.69700000063],[105829.86800000072,444060.37999999896],[105831.69299999997,444077.5700000003],[105833.42300000042,444092.68100000173],[105835.10700000077,444105.91499999911],[105836.73600000143,444118.60000000149],[105839.62099999934,444139.36699999869],[105845.55799999833,444179.39499999955],[105850.8359999992,444214.65799999982],[105856.97529999912,444250.00310000032],[105832.26060000062,444265.99819999933]]]},"properties":{"OBJECTID":36,"bu_naam":"Uiterwaard","wk_naam":"Moordrecht wijk 03","gm_naam":"Zuidplas","Shape_Length":1177.2923437764352,"Shape_Area":66003.813742965576}},{"type":"Feature","id":37,"geometry":{"type":"Polygon","coordinates":[[[99781.718400001526,451097.28810000047],[99758.752799998969,451404.2388000004],[99327.917399998754,451331.0214000009],[99331.913300000131,451303.7239000015],[99335.408799998462,451304.19790000096],[99339.961300000548,451276.70540000126],[99328.065200001001,451274.5474999994],[99331.548099998385,451225.5914000012],[99304.549400001764,451221.43760000169],[99319.937399998307,451104.54390000179],[99339.425999999046,451108.03090000153],[99351.608199998736,451025.20459999889],[99360.533599998802,451026.67740000039],[99366.561000000685,450989.4664000012],[99388.83960000053,450992.02439999953],[99392.491799999028,450970.22159999982],[99513.699000000954,450984.79830000177],[99515.318300001323,450973.44759999961],[99544.584600001574,450977.1501000002],[99546.452100001276,450958.75239999965],[99588.060400001705,450958.60280000046],[99590.486999999732,450945.91110000014],[99655.614700000733,450956.62970000133],[99654.014499999583,450962.75470000133],[99789.279300000519,450982.56899999827],[99781.718400001526,451097.28810000047]]]},"properties":{"OBJECTID":37,"bu_naam":"Moerkapelle-Oost","wk_naam":"Moerkapelle wijk 01","gm_naam":"Zuidplas","Shape_Length":1765.060604170445,"Shape_Area":176027.09699257309}},{"type":"Feature","id":38,"geometry":{"type":"Polygon","coordinates":[[[100558.6959999986,447090.11320000142],[100347.8414000012,447295.25919999927],[100303.0960999988,447246.52259999886],[100253.41539999843,447294.44649999961],[100090.0859999992,447131.90309999883],[100061.99700000137,447160.38320000097],[99982.98409999907,447080.53920000046],[99968.018399998546,447112.61250000075],[99947.563999999315,447104.97720000148],[99879.909099999815,447077.94759999961],[99909.623599998653,447013.48750000075],[99933.290500000119,446939.80739999935],[99932.397399999201,446901.40450000018],[99931.504200000316,446863.00160000101],[99935.028999999166,446810.6660999991],[99940.6660999991,446796.40709999949],[100060.64550000057,446839.4439000003],[100154.80059999973,446602.55469999835],[100513.80200000107,446950.55330000073],[100466.1400000006,446998.02010000125],[100558.6959999986,447090.11320000142]]]},"properties":{"OBJECTID":38,"bu_naam":"Bedrijventerrein Zevenhuizen","wk_naam":"Zevenhuizen wijk 02","gm_naam":"Zuidplas","Shape_Length":2315.3929821843344,"Shape_Area":248215.45384909777}},{"type":"Feature","id":39,"geometry":{"type":"Polygon","coordinates":[[[105916.71999999881,444950.64009999856],[105904.7435999997,444957.88419999927],[105892.39499999955,444931.96499999985],[105846.34809999913,444877.03009999916],[105835.47470000014,444866.61089999974],[105769.88789999858,444803.76339999959],[105718.625,444762.0736999996],[105710.27939999849,444755.28660000116],[105715.08040000126,444750.87000000104],[105765.21990000084,444704.74509999901],[105782.19990000129,444690.3601000011],[105942.14490000159,444569.80009999871],[105988.2648999989,444589.96510000154],[106029.17399999872,444531.43800000101],[106038.3040000014,444538.1099999994],[106047.12799999863,444544.25600000098],[106056.96499999985,444551.16499999911],[106064.09499999881,444556.03700000048],[106074.04800000042,444562.78000000119],[106081.51099999994,444567.85700000077],[106091.14600000158,444574.22300000116],[106099.41699999943,444579.81899999827],[106107.39900000021,444585.29199999943],[106114.31700000167,444589.99599999934],[106120.03200000152,444593.84400000051],[106126.88199999928,444598.76900000125],[106133.28700000048,444603.32899999991],[106146.77299999818,444613.05900000036],[106152.33999999985,444617.44799999893],[106158.00800000131,444621.84499999881],[106164.15700000152,444627.03599999845],[106169.28599999845,444630.98600000143],[106175.88199999928,444636.54199999943],[106182.54800000042,444641.57600000128],[106187.87999999896,444646.37099999934],[106192.20300000161,444650.35399999842],[106198.13300000131,444655.77800000086],[106205.08900000155,444662.69399999827],[106210.57200000063,444668.35599999875],[106212.93310000002,444670.81670000032],[106167.89009999856,444719.22019999847],[106181.94000000134,444752.70010000095],[106153.30000000075,444774.27010000125],[106042.1799999997,444857.21009999886],[105916.71999999881,444950.64009999856]]]},"properties":{"OBJECTID":39,"bu_naam":"Moordrecht Bloemenbuurt","wk_naam":"Moordrecht wijk 03","gm_naam":"Zuidplas","Shape_Length":1380.5383998579514,"Shape_Area":110283.75828926053}},{"type":"Feature","id":40,"geometry":{"type":"Polygon","coordinates":[[[99331.913300000131,451303.7239000015],[99327.917399998754,451331.0214000009],[99282.76419999823,451323.34800000116],[99229.711599998176,451310.47610000148],[99237.921900000423,451218.58300000057],[99220.725400000811,451186.65520000085],[99219.350699998438,451184.10269999877],[99231.67880000174,451173.29430000111],[99241.136300001293,451104.05330000073],[99242.193399999291,451103.21869999915],[99250.880899999291,451096.3599999994],[99256.563000001013,451040.70710000023],[99214.119800001383,451033.42159999907],[99197.598200000823,451030.58579999954],[99204.407099999487,450937.25019999966],[99082.247999999672,450926.2910999991],[99014.796000000089,450916.75429999828],[98920.22899999842,450912.27149999887],[98911.807999998331,450862.91110000014],[98850.900100000203,450851.80820000172],[98852.525800000876,450914.27149999887],[98811.635099999607,450905.61459999904],[98805.22500000149,450845.05909999833],[98699.075699999928,450831.7648999989],[98720.390099998564,450734.85509999841],[98721.156100001186,450721.38690000027],[98879.759100001305,450744.32690000162],[98885.312100000679,450709.27409999818],[98905.163100000471,450712.01909999922],[98915.965500000864,450587.48750000075],[99217.815999999642,450631.59659999982],[99333.18239999935,450645.96009999886],[99336.358500000089,450632.06260000169],[99452.217399999499,450641.42049999908],[99451.660100001842,450662.2536999993],[99509.784099999815,450719.26410000026],[99515.53200000152,450713.42760000005],[99552.01590000093,450747.10390000045],[99544.959399998188,450755.28159999847],[99577.300999999046,450788.22920000181],[99589.255899999291,450799.75690000132],[99604.230000000447,450784.7751000002],[99642.091499999166,450822.77769999951],[99655.635200001299,450809.97309999913],[99713.096999999136,450866.97720000148],[99764.076000001281,450875.40520000085],[99765.872000001371,450877.20320000127],[99794.247099999338,450903.27419999987],[99800.291600000113,450918.86499999836],[99872.15190000087,450927.32470000163],[99936.828000001609,450863.12909999862],[100007.53009999916,450934.01610000059],[100030.68100000173,450910.64209999889],[100048.88199999928,450928.60610000044],[100056.72800000012,450920.65810000151],[100068.95809999853,450931.75510000065],[100076.33100000024,450924.28610000014],[100088.07499999925,450935.87909999862],[100096.20600000024,450928.46220000088],[100107.53510000184,450939.69409999996],[100126.0047999993,450920.41470000148],[100192.34699999914,450980.99410000071],[100217.71799999848,450984.38320000097],[100391.02439999953,451012.03720000014],[100440.16699999943,451019.05380000174],[100456.83999999985,451094.20059999824],[100215.08900000155,451057.73470000178],[100020.71810000017,451026.19990000129],[100021.82129999995,451011.82310000062],[99789.352800000459,450975.05469999835],[99789.279300000519,450982.56899999827],[99654.014499999583,450962.75470000133],[99655.614700000733,450956.62970000133],[99590.486999999732,450945.91110000014],[99588.060400001705,450958.60280000046],[99546.452100001276,450958.75239999965],[99544.584600001574,450977.1501000002],[99515.318300001323,450973.44759999961],[99513.699000000954,450984.79830000177],[99392.491799999028,450970.22159999982],[99388.83960000053,450992.02439999953],[99366.561000000685,450989.4664000012],[99360.533599998802,451026.67740000039],[99351.608199998736,451025.20459999889],[99339.425999999046,451108.03090000153],[99319.937399998307,451104.54390000179],[99304.549400001764,451221.43760000169],[99331.548099998385,451225.5914000012],[99328.065200001001,451274.5474999994],[99339.961300000548,451276.70540000126],[99335.408799998462,451304.19790000096],[99331.913300000131,451303.7239000015]]]},"properties":{"OBJECTID":40,"bu_naam":"Kern Moerkapelle","wk_naam":"Moerkapelle wijk 01","gm_naam":"Zuidplas","Shape_Length":5184.2220234411416,"Shape_Area":352669.58362598147}},{"type":"Feature","id":41,"geometry":{"type":"Polygon","coordinates":[[[105799.01000000164,445049.17020000145],[105493.76999999955,445356.97019999847],[105190.12000000104,445056.26009999961],[105153.01000000164,445080.67020000145],[105106.3702000007,445037.0401000008],[105138.5661999993,445011.15199999884],[105292.94559999928,444887.01929999888],[105352.86030000076,444838.84349999949],[105435.85300000012,444772.11140000075],[105580.78000000119,444656.5800999999],[105592.12570000067,444647.59209999815],[105655.67339999974,444710.87819999829],[105710.27939999849,444755.28660000116],[105718.625,444762.0736999996],[105769.88789999858,444803.76339999959],[105835.47470000014,444866.61089999974],[105846.34809999913,444877.03009999916],[105892.39499999955,444931.96499999985],[105904.7435999997,444957.88419999927],[105908.46620000154,444967.2463000007],[105852.2650000006,444996.79520000145],[105799.01000000164,445049.17020000145]]]},"properties":{"OBJECTID":41,"bu_naam":"Dorp Noord","wk_naam":"Moordrecht wijk 03","gm_naam":"Zuidplas","Shape_Length":2183.1794353966466,"Shape_Area":272531.80622071453}},{"type":"Feature","id":42,"geometry":{"type":"Polygon","coordinates":[[[102487.13760000095,442453.72580000013],[102478.80319999903,442456.25409999862],[102291.42220000178,442138.99879999831],[102255.21660000086,442096.0960999988],[102183.02629999816,441953.00169999897],[102106.1651000008,441782.98649999872],[102090.89799999818,441749.21590000018],[102059.55070000142,441683.67159999907],[101983.48589999974,441524.6270999983],[101942.72870000079,441429.10249999911],[101803.72590000182,441167.08260000125],[101786.28069999814,441138.49549999833],[101775.15509999916,441120.26419999823],[101745.37180000171,441071.45899999887],[101702.90349999815,441015.98169999942],[101653.51000000164,440948.57400000095],[101574.48050000146,440855.59809999913],[101509.60420000181,440791.2435999997],[101517.50840000063,440784.42220000178],[101731.04300000146,440600.13819999993],[101747.0859999992,440647.68699999899],[101794.7173999995,440628.38789999858],[101840.04309999943,440706.83639999852],[101908.61290000007,440846.30050000176],[101975.99089999869,441000.00010000169],[102083.52389999852,441220.91910000145],[102122.48990000039,441309.06789999828],[102145.72839999944,441361.63830000162],[102164.41589999944,441400.93340000138],[102212.18989999965,441501.39009999856],[102302.76089999825,441691.83810000122],[102373.95850000158,441850.50560000166],[102374.71229999885,441852.38599999994],[102405.67100000009,441929.6110999994],[102446.37649999931,442051.37110000104],[102449.91409999877,442061.9197999984],[102511,442244.06709999964],[102549.19839999825,442360.33139999956],[102571.06700000167,442426.8925999999],[102555.47890000045,442432.99320000038],[102487.13760000095,442453.72580000013]]]},"properties":{"OBJECTID":42,"bu_naam":"Esse Hoog","wk_naam":"Nieuwerkerk aan den IJssel wijk 04","gm_naam":"Zuidplas","Shape_Length":4389.9593704082299,"Shape_Area":422749.94222582289}},{"type":"Feature","id":43,"geometry":{"type":"Polygon","coordinates":[[[103794.93699999899,441518.46799999848],[103784.42610000074,441533.52950000018],[103228.73220000044,441527.53449999914],[103233.1640000008,441315.9860999994],[103560.15269999951,441173.80350000039],[104049.12049999833,440897.87449999899],[104052.00699999928,440906.18699999899],[104056.20300000161,440924],[104058.38199999928,440942.40599999949],[104059.125,440951.93699999899],[104059.79699999839,440968.21799999848],[104057.03099999949,441016.09299999848],[104052.3900000006,441040.34299999848],[104046.78099999949,441061.65599999949],[104040.75699999928,441082.53099999949],[104037.32800000161,441092.28099999949],[104034.1400000006,441102.875],[104030.90599999949,441112.28099999949],[104027.3900000006,441120.71799999848],[104024.83799999952,441125.56799999997],[104023.14799999818,441128.78099999949],[104001.97599999979,441156.28099999949],[103999.3900000006,441159.53099999949],[103993,441169.84299999848],[103984.13199999928,441184.59299999848],[103977.7650000006,441195.03099999949],[103974.4290000014,441198.78099999949],[103961.60099999979,441213.71799999848],[103949.86699999869,441227],[103938.29699999839,441240],[103928.81199999899,441250.31199999899],[103920.9450000003,441263.56199999899],[103913.7340000011,441276.03099999949],[103906.5390000008,441288.59299999848],[103894.32800000161,441314.90599999949],[103873.2109999992,441359.75],[103858.9290000014,441391.31199999899],[103844.52299999818,441422.375],[103831.3590000011,441451.46799999848],[103824.89799999818,441466.43699999899],[103819.14799999818,441479.68699999899],[103811.3040000014,441495.375],[103801,441509.81199999899],[103794.93699999899,441518.46799999848]]]},"properties":{"OBJECTID":43,"bu_naam":"Recreatiepark Klein Hitland","wk_naam":"Nieuwerkerk aan den IJssel wijk 04","gm_naam":"Zuidplas","Shape_Length":2395.7447782432055,"Shape_Area":274210.08809616242}},{"type":"Feature","id":44,"geometry":{"type":"Polygon","coordinates":[[[100215.08900000155,451057.73470000178],[100195.46880000085,451475.83199999854],[99758.752799998969,451404.2388000004],[99781.718400001526,451097.28810000047],[99789.279300000519,450982.56899999827],[99789.352800000459,450975.05469999835],[100021.82129999995,451011.82310000062],[100020.71810000017,451026.19990000129],[100215.08900000155,451057.73470000178]]]},"properties":{"OBJECTID":44,"bu_naam":"Jonge Veenen","wk_naam":"Moerkapelle wijk 01","gm_naam":"Zuidplas","Shape_Length":1738.0838445170127,"Shape_Area":184734.57158859575}},{"type":"Feature","id":45,"geometry":{"type":"Polygon","coordinates":[[[101854.48959999904,443351.47969999909],[101756.55970000103,443451.85929999873],[101508.79439999908,443261.03660000116],[101053.29720000178,442914.13509999961],[101136.04560000077,442859.41279999912],[101194.67399999872,442820.6409999989],[101234.84010000154,442794.0784999989],[101312.73319999874,442789.44790000096],[101418.36520000175,442709.69209999964],[101441.10000000149,442692.52650000155],[101457.84360000119,442641.0401000008],[101631.91440000013,442516.00820000097],[101723.91800000146,442615.87819999829],[101888.44889999926,442790.08089999855],[101933.13830000162,442838.5811999999],[102034.45479999855,442948.53759999946],[102014.60489999875,442973.67790000141],[101931.05020000041,443055.52089999989],[101924.92870000005,443160.28299999982],[101942.51720000058,443182.64429999888],[101979.37440000102,443220.51709999889],[101976.47830000147,443223.60269999877],[101891.57290000096,443314.06329999864],[101854.48959999904,443351.47969999909]]]},"properties":{"OBJECTID":45,"bu_naam":"Zuidplas Mossen","wk_naam":"Nieuwerkerk aan den IJssel wijk 04","gm_naam":"Zuidplas","Shape_Length":2857.5925825214899,"Shape_Area":456803.65708982764}},{"type":"Feature","id":46,"geometry":{"type":"Polygon","coordinates":[[[105715.08040000126,444750.87000000104],[105710.27939999849,444755.28660000116],[105655.67339999974,444710.87819999829],[105592.12570000067,444647.59209999815],[105523.04069999978,444566.96669999883],[105508.22879999876,444525.04610000178],[105460.96200000122,444406.34389999881],[105441.6939000003,444350.68019999936],[105422.42559999973,444295.01649999991],[105399.49320000038,444228.76709999889],[105373.42480000108,444155.95459999889],[105608.78999999911,443958.22019999847],[105622.76000000164,443980.32019999996],[105655.1501000002,443986.05600000173],[105649.99199999869,444022.83430000022],[105648.66010000184,444065.29019999877],[105653.10000000149,444115.73009999841],[105675.12990000099,444114.03009999916],[105684.2798999995,444168.41010000184],[105717.16010000184,444220.37009999901],[105731.5800999999,444211.67009999976],[105767.6501000002,444270.00010000169],[105784.4701000005,444258.88019999862],[105802.05000000075,444285.55009999871],[105832.26060000062,444265.99819999933],[105856.97529999912,444250.00310000032],[105858.87099999934,444260.91699999943],[105860.45499999821,444269.36300000176],[105862.43499999866,444278.44700000063],[105864.27100000158,444286.31399999931],[105866.57699999958,444296.02899999917],[105868.92300000042,444305.29500000179],[105871.18800000101,444312.59800000116],[105873.92799999937,444320.79500000179],[105877.40700000152,444330.36400000006],[105880.79300000146,444339.57400000095],[105883.8040000014,444347.27100000158],[105888.09600000083,444357.06399999931],[105892.08399999887,444365.39799999818],[105895.35300000012,444372.73999999836],[105899.28999999911,444380.76700000092],[105902.95300000161,444387.86400000006],[105908.22100000083,444397.63399999961],[105912.82200000063,444405.46000000089],[105916.87000000104,444412.40700000152],[105922.33300000057,444420.97899999842],[105927.90100000054,444429.18100000173],[105934.13100000098,444438.11300000176],[105940.92399999872,444447.49399999902],[105946.07999999821,444454.0009999983],[105952.91800000146,444462.25499999896],[105961.06500000134,444471.59800000116],[105968.15199999884,444478.97100000083],[105974.89400000125,444485.68699999899],[105979.68299999833,444490.05600000173],[105992.98699999973,444502.09699999914],[105996.30799999833,444505.16299999878],[105996.57600000128,444505.39299999923],[105999.80999999866,444508.16899999976],[106006.05299999937,444513.41699999943],[106010.41800000146,444517.17300000042],[106015.74199999869,444521.16299999878],[106022.30799999833,444526.13699999824],[106029.17399999872,444531.43800000101],[105988.2648999989,444589.96510000154],[105942.14490000159,444569.80009999871],[105782.19990000129,444690.3601000011],[105765.21990000084,444704.74509999901],[105715.08040000126,444750.87000000104]]]},"properties":{"OBJECTID":46,"bu_naam":"Kern Moordrecht","wk_naam":"Moordrecht wijk 03","gm_naam":"Zuidplas","Shape_Length":2300.0423248593584,"Shape_Area":248733.82598745797}},{"type":"Feature","id":47,"geometry":{"type":"Polygon","coordinates":[[[101753.18519999832,443943.92990000173],[101711.64559999853,443988.04919999838],[101524.65780000016,443797.71499999985],[101444.43169999868,443715.89449999854],[101269.45340000093,443537.43870000169],[101315.62640000135,443491.7415000014],[101307.50140000135,443483.7714000009],[101336.35819999874,443455.47690000013],[101363.11160000041,443429.24480000138],[101364.77459999919,443427.61410000175],[101355.59910000116,443417.51410000026],[101468.8040000014,443307.09310000017],[101508.79439999908,443261.03660000116],[101756.55970000103,443451.85929999873],[101851.41910000145,443524.91770000011],[102063.32200000063,443688.1202000007],[102067.91330000013,443691.68690000102],[102071.71799999848,443694.6425999999],[102154.03099999949,443758.58799999952],[102131.60399999842,443784.75710000098],[102068.47540000081,443844.78959999979],[101955.51830000058,443904.61620000005],[101870.71700000018,443819.14919999987],[101843.04639999941,443846.77419999987],[101835.16699999943,443839.98070000112],[101805.80209999904,443868.05909999833],[101819.33879999816,443881.52859999985],[101819.86490000039,443882.05209999904],[101776.86549999937,443913.67029999942],[101753.18519999832,443943.92990000173]]]},"properties":{"OBJECTID":47,"bu_naam":"Bedrijventerrein De Hooge Veenen","wk_naam":"Nieuwerkerk aan den IJssel wijk 04","gm_naam":"Zuidplas","Shape_Length":2467.6311399701071,"Shape_Area":297981.1732453134}},{"type":"Feature","id":48,"geometry":{"type":"Polygon","coordinates":[[[102704.97159999982,442583.4561999999],[102624.08989999816,442648.20259999856],[102555.47890000045,442432.99320000038],[102571.06700000167,442426.8925999999],[102549.19839999825,442360.33139999956],[102511,442244.06709999964],[102449.91409999877,442061.9197999984],[102446.37649999931,442051.37110000104],[102405.67100000009,441929.6110999994],[102374.71229999885,441852.38599999994],[102373.95850000158,441850.50560000166],[102302.76089999825,441691.83810000122],[102212.18989999965,441501.39009999856],[102164.41589999944,441400.93340000138],[102145.72839999944,441361.63830000162],[102122.48990000039,441309.06789999828],[102083.52389999852,441220.91910000145],[101975.99089999869,441000.00010000169],[101908.61290000007,440846.30050000176],[101840.04309999943,440706.83639999852],[101794.7173999995,440628.38789999858],[101747.0859999992,440647.68699999899],[101731.04300000146,440600.13819999993],[101517.50840000063,440784.42220000178],[101509.60420000181,440791.2435999997],[101424.90780000016,440706.07730000094],[101383.46150000021,440748.75589999929],[101354.39070000127,440778.42309999838],[100968.36620000005,441325.10720000044],[100633.82959999889,441168.85110000148],[100548.65500000119,441141.21810000017],[100560.06300000101,441125.25600000098],[100560.84600000083,441124.16000000015],[100567.30000000075,441115.12999999896],[100567.82039999962,441114.4048999995],[100589.98900000006,441083.51900000125],[100639.09699999914,441014.58199999854],[100676.87900000066,440961.57299999893],[100679.64600000158,440957.69099999964],[100680.63100000098,440956.30900000036],[100684.76799999923,440949.4299999997],[100689.64900000021,440941.31399999931],[100806.38399999961,440747.20499999821],[100842.28290000185,440687.08709999919],[100860.45100000128,440656.66200000048],[100947.86499999836,440512.15799999982],[100988.70399999991,440445.00699999928],[100992.76700000092,440439.52699999884],[101000.43699999899,440430.80600000173],[101003.26700000092,440427.58700000122],[101015.87700000033,440415.18699999899],[101023.21599999815,440406.01000000164],[101009.46700000018,440394.28400000185],[100992.12099999934,440379.49100000039],[100991.68699999899,440379.12000000104],[100968.91299999878,440359.64299999923],[100966.28599999845,440357.39600000158],[100962.94299999997,440354.49799999967],[100956.17000000179,440348.6259999983],[100946.63800000027,440340.36199999973],[100944.02600000054,440338.02699999884],[100941.42799999937,440335.17700000107],[100940.29600000009,440332.2490000017],[100939.42000000179,440328.97899999842],[100939.08500000089,440325.71999999881],[100940.20399999991,440320.7890000008],[100941.94200000167,440317.24199999869],[100944.26700000092,440314.21599999815],[100944.27499999851,440314.20600000024],[100944.5159999989,440313.91099999845],[100947.27600000054,440310.52600000054],[100949.5859999992,440307.6950000003],[100961.37200000137,440293.24199999869],[100953.7650000006,440288],[100942.52299999818,440278.375],[100911.2890000008,440252.375],[100895.5700000003,440237.78099999949],[100880.8900000006,440224.34299999848],[100860.5700000003,440207.125],[100861.14900000021,440206.43519999832],[100866.9990000017,440199.46499999985],[101003.20300000161,440037.18699999899],[101007.21599999815,440033.16800000146],[101008.54199999943,440031.84099999815],[101008.97599999979,440031.40599999949],[101014.10099999979,440026.93699999899],[101015.48999999836,440025.32400000095],[101019.74100000039,440020.38399999961],[101023.06100000069,440016.52600000054],[101023.20199999958,440016.36199999973],[101028.31500000134,440010.42000000179],[101033.97599999979,440003.84299999848],[101037.51999999955,439999.7650000006],[101037.60399999842,439999.66800000146],[101046.54500000179,439989.38100000098],[101052.31799999997,439982.73999999836],[101059.61699999869,439974.34299999848],[101060.9990000017,439972.83100000024],[101061.86699999869,439971.88199999928],[101067.23699999973,439966.01099999994],[101073.07800000161,439959.625],[101087.1790000014,439939.09299999848],[101106.07200000063,439913.57999999821],[101110.89799999818,439907.06199999899],[101122.74700000137,439893.44999999925],[101129.73800000176,439885.50499999896],[101150.50499999896,439861.90399999917],[101152.08799999952,439860.1240000017],[101165.42199999839,439845.12799999863],[101230.81199999899,439766.92799999937],[101274.06100000069,439715.15300000086],[101279.54309999943,439708.59039999917],[101330.9849999994,439647.00899999961],[101460.33900000155,439492.30999999866],[101575.94900000095,439355.09899999946],[101578.90799999982,439351.24799999967],[101588.3900000006,439338.90599999949],[101591.2938000001,439335.47080000117],[101793.59299999848,439096.15599999949],[101845.89209999889,439034.7965000011],[101858.75600000098,439019.70399999991],[101985.89799999818,438870.5],[102032.5,438814.48000000045],[102036.5390000008,438809.625],[102039.74199999869,438806.40599999949],[102047.0540000014,438797.75],[102126.58100000024,438703.98299999908],[102145.45699999854,438681.72399999946],[102146.43100000173,438680.57600000128],[102149.92100000009,438676.46299999952],[102163.67159999907,438660.25079999864],[102164.3049999997,438659.50400000066],[102202.02299999818,438615.03099999949],[102203.5,438617.90599999949],[102208.4609999992,438626.40599999949],[102214.82800000161,438637.5],[102227.6950000003,438659.81199999899],[102236.25,438674.03099999949],[102242.70300000161,438684.28099999949],[102252.0700000003,438698.31199999899],[102261.25,438712],[102270.17100000009,438724.81199999899],[102279.32800000161,438737.43699999899],[102293.18699999899,438755.375],[102302.35099999979,438767.28099999949],[102308.8590000011,438775.21799999848],[102311.71000000089,438778.43299999833],[102319.0540000014,438786.71799999848],[102321.06199999899,438788.96799999848],[102327.7890000008,438796.34299999848],[102333.9450000003,438803.06199999899],[102339.90599999949,438809.125],[102349.6400000006,438817.96799999848],[102361.9450000003,438828.5],[102371.3040000014,438836.34299999848],[102379.45300000161,438843.18699999899],[102398.02299999818,438857.21799999848],[102410.7340000011,438866],[102424.7340000011,438874.84299999848],[102435.21799999848,438881],[102449.28099999949,438889.31199999899],[102459.81199999899,438894.875],[102468.5700000003,438898.93699999899],[102478.10099999979,438903.43699999899],[102491.5700000003,438908.90599999949],[102500.07800000161,438912.25],[102520.34299999848,438918.375],[102536.0859999992,438921.81199999899],[102556.3200000003,438925.06199999899],[102576.72599999979,438927.78099999949],[102594.25699999928,438929.28099999949],[102616.0700000003,438930.18699999899],[102637.40599999949,438929.875],[102657.90599999949,438929.68699999899],[102672.74199999869,438929.43699999899],[102687.10099999979,438929.06199999899],[102718.5,438927.68699999899],[102739.75699999928,438926.06199999899],[102758.42199999839,438924.625],[102777.09299999848,438923.21799999848],[102799.38199999928,438921.40599999949],[102821.9840000011,438919.71799999848],[102840.8590000011,438918.81199999899],[102861.4290000014,438917.875],[102886.39799999818,438917.31199999899],[102902.99199999869,438917.06199999899],[102925.15300000086,438917.17100000009],[102928.49199999869,438917.18699999899],[102948.2890000008,438916.625],[102959.1640000008,438916.75],[102964.0700000003,438916.90599999949],[102976.6790000014,438917.09299999848],[102981.1640000008,438917.06199999899],[102984.9450000003,438917.34299999848],[102988.47599999979,438917.625],[102994.9140000008,438918.09299999848],[103004.5540000014,438919.56199999899],[103011.10099999979,438920.90599999949],[103017.79699999839,438922.09299999848],[103024.5859999992,438923.875],[103030.64799999818,438925.81199999899],[103042.77299999818,438929.53099999949],[103055.75699999928,438933.68699999899],[103060.14799999818,438935.34299999848],[103067.45300000161,438938],[103076.71799999848,438941.78099999949],[103086.54699999839,438946.06199999899],[103093.20300000161,438949],[103099.14799999818,438951.84299999848],[103105.18699999899,438954.84299999848],[103111.53099999949,438958.25],[103119.99199999869,438962.90599999949],[103127.13199999928,438967],[103134.71799999848,438971.78099999949],[103141.19000000134,438975.87099999934],[103142.2340000011,438976.53099999949],[103148.40599999949,438980.875],[103153.53099999949,438984.40599999949],[103159.29699999839,438988.59299999848],[103164.47599999979,438992.5],[103170.24199999869,438996.96799999848],[103177.7650000006,439003.09299999848],[103183.04699999839,439007.65599999949],[103190.32800000161,439013.96799999848],[103196.8900000006,439020.06199999899],[103203.4609999992,439026.31199999899],[103209.7340000011,439032.84299999848],[103211.96799999848,439035.25],[103216.4450000003,439040.34299999848],[103220.875,439045.5],[103224.8040000014,439050.71799999848],[103228.50699999928,439055.90599999949],[103232.68699999899,439061.5],[103236.4290000014,439067.40599999949],[103240.10099999979,439072.93699999899],[103243.65599999949,439078.875],[103245.375,439081.96799999848],[103247.67199999839,439085.78099999949],[103249.56199999899,439089.625],[103251.50699999928,439093.5],[103253.15599999949,439097.25],[103255.6959999986,439102.86199999973],[103257.34299999848,439107.15599999949],[103269.59299999848,439147.75],[103274.3359999992,439165.40599999949],[103282.63199999928,439197.15599999949],[103288.36699999869,439219.5],[103294.92199999839,439244.31199999899],[103302.72599999979,439274.31199999899],[103309.13199999928,439299.34299999848],[103315.65599999949,439323.78099999949],[103321.75,439347.96799999848],[103330.21799999848,439380.06199999899],[103341.28099999949,439423.09299999848],[103354.04699999839,439471.5],[103355.35319999978,439476.54789999872],[103361.52499999851,439500.39999999851],[103369.72599999979,439532.09299999848],[103380.6790000014,439574.875],[103389.24199999869,439608.65599999949],[103396.27299999818,439635.56199999899],[103404.4450000003,439667.93699999899],[103412.15599999949,439691.65599999949],[103418.8359999992,439711.93699999899],[103425.3590000011,439731.81199999899],[103432.04699999839,439752.125],[103439.8359999992,439776.31199999899],[103449.85099999979,439806.93699999899],[103454.75699999928,439822.21799999848],[103456.83700000122,439829.00699999928],[103456.72100000083,439829.11899999902],[103457.8200000003,439832.21799999848],[103460.39799999818,439842.28099999949],[103464.09299999848,439857.21799999848],[103467.97599999979,439872.68699999899],[103473.35099999979,439894.28099999949],[103481.95300000161,439929.625],[103489.5150000006,439964.93699999899],[103494.3590000011,439987.75],[103499.22599999979,440011.375],[103504.9450000003,440038.65599999949],[103511.71799999848,440073.875],[103518.60099999979,440109],[103524.0859999992,440139.375],[103526.61699999869,440153.875],[103529.25,440169.15599999949],[103531.57800000161,440184.31199999899],[103534.52299999818,440203.68699999899],[103537.28099999949,440223.125],[103539.39799999818,440238.53099999949],[103540.72599999979,440248.46799999848],[103541.63199999928,440255.34299999848],[103543.52299999818,440269.56199999899],[103547.24199999869,440298.03099999949],[103550.53099999949,440322.31199999899],[103554.47599999979,440352.43699999899],[103558.89799999818,440380.28099999949],[103563.3900000006,440406.65599999949],[103566.8200000003,440425.84299999848],[103570.32800000161,440444.65599999949],[103574.00699999928,440460.53099999949],[103580.7650000006,440487.31199999899],[103587.2650000006,440506.53099999949],[103592.67199999839,440521.90599999949],[103599.02299999818,440537],[103604.2109999992,440548.65599999949],[103611.10099999979,440562.78099999949],[103615.82800000161,440571.75],[103620.4290000014,440580.43699999899],[103622.9140000008,440584.35099999979],[103628.32800000161,440592.875],[103630.06199999899,440595.53099999949],[103635.8040000014,440603.78099999949],[103642.09299999848,440611.03099999949],[103648.7109999992,440618.5],[103656.36699999869,440625.93699999899],[103663.8900000006,440633.68699999899],[103671,440640.03099999949],[103678.22599999979,440646.875],[103686.65599999949,440654.25],[103696.75699999928,440662.5],[103705.70300000161,440669.93699999899],[103715.70300000161,440677.06199999899],[103724.55200000107,440682.56300000101],[103737.36699999869,440690.53099999949],[103746.8590000011,440695.71799999848],[103756.1950000003,440700.68699999899],[103781.8359999992,440712.25],[103790.0700000003,440715.31199999899],[103799.3040000014,440719.125],[103808.25699999928,440722.5],[103829.96799999848,440731.03099999949],[103849.45300000161,440738.90599999949],[103863.24199999869,440744.46799999848],[103881.11699999869,440751.34299999848],[103916.52299999818,440765.93699999899],[103934.25,440774],[103952.57800000161,440783.40599999949],[103968.97599999979,440793.31199999899],[103982.29699999839,440802.25],[104006.92199999839,440826],[104016.625,440837.59299999848],[104026,440851.06199999899],[104034.60099999979,440865.03099999949],[104039.59299999848,440874.53099999949],[104046.2340000011,440889.56199999899],[104049.12049999833,440897.87449999899],[103560.15269999951,441173.80350000039],[103233.1640000008,441315.9860999994],[103228.73220000044,441527.53449999914],[103784.42610000074,441533.52950000018],[103780.71799999848,441538.84299999848],[103761.3040000014,441566.09299999848],[103742.84299999848,441591.84299999848],[103724.7109999992,441617.46799999848],[103717.3900000006,441628.31199999899],[103711.59299999848,441641.90599999949],[103686.2340000011,441698.25],[103680.0540000014,441712.875],[103674.3590000011,441724.78099999949],[103656.5150000006,441751.18699999899],[103648.1790000014,441764.18699999899],[103641.43699999899,441774.31199999899],[103629.86699999869,441791.71799999848],[103562.28200000152,441862.1099999994],[103499.35099999979,441927.65599999949],[103487.78099999949,441941.18699999899],[103476.6400000006,441954],[103468.625,441963.25],[103452.8900000006,441981.09299999848],[103436.8040000014,441999.03099999949],[103424.49199999869,442012.43699999899],[103412.43699999899,442025.5],[103399.81199999899,442038.875],[103387.31199999899,442051.96799999848],[103378.6400000006,442060.53099999949],[103368.84299999848,442070.125],[103358.0540000014,442080.59299999848],[103350.93699999899,442087.28099999949],[103339.92199999839,442097.40599999949],[103336.51199999824,442100.66600000113],[103331.88199999928,442105.09299999848],[103305.46799999848,442128.75],[103292.14799999818,442141.09299999848],[103274.8040000014,442156.625],[103255.1400000006,442174.53099999949],[103237.70300000161,442190.34299999848],[103216.84299999848,442209.40599999949],[103202.8040000014,442221.93699999899],[103188.71799999848,442234.53099999949],[103177.59299999848,442244.68699999899],[103163.71799999848,442257.53099999949],[103109.75109999999,442179.316300001],[102989.34809999913,442287.67509999871],[102938.41600000113,442333.20820000023],[102874.17810000107,442414.80810000002],[102851.37810000032,442406.2611999996],[102827.56199999899,442483.58810000122],[102717.42810000107,442572.69409999996],[102704.97159999982,442583.4561999999]]]},"properties":{"OBJECTID":48,"bu_naam":"Verspreide bebouwing Essepolder","wk_naam":"Nieuwerkerk aan den IJssel wijk 04","gm_naam":"Zuidplas","Shape_Length":13975.742816471136,"Shape_Area":6450729.3462723289}},{"type":"Feature","id":49,"geometry":{"type":"Polygon","coordinates":[[[105951.1400000006,445221.1501000002],[105657.3200000003,445518.5800999999],[105493.76999999955,445356.97019999847],[105799.01000000164,445049.17020000145],[105856.16000000015,445106.04019999877],[105903.3376000002,445151.41299999878],[105990.89999999851,445120.07889999822],[105965.80009999871,445059.6202000007],[106093.16000000015,444967.02010000125],[106140.01999999955,444930.78020000085],[106152.06019999832,444950.28009999916],[106204.57019999996,444910.8601000011],[106217.76999999955,444902.2201000005],[106264.3599999994,444954.49020000175],[106000.64440000057,445143.96550000086],[105955.21770000085,445157.67720000073],[105951.1400000006,445221.1501000002]]]},"properties":{"OBJECTID":49,"bu_naam":"Bedrijventerrein 't Ambacht","wk_naam":"Moordrecht wijk 03","gm_naam":"Zuidplas","Shape_Length":2212.8996880154127,"Shape_Area":128384.87068614882}},{"type":"Feature","id":50,"geometry":{"type":"Polygon","coordinates":[[[105657.01000000164,443972.79250000045],[105655.1501000002,443986.05600000173],[105622.76000000164,443980.32019999996],[105608.78999999911,443958.22019999847],[105584.89999999851,443927.85080000013],[105550.44959999993,443881.29320000112],[105530.19739999995,443853.99680000171],[105509.78020000085,443833.02939999849],[105492.72019999847,443820.48169999942],[105469.32840000093,443817.4824000001],[105379.81080000103,443797.97940000147],[105350.97580000013,443785.61829999834],[105328.47659999877,443774.22159999982],[105268.78920000046,443756.42550000176],[105247.37950000167,443750.04210000113],[105250.26009999961,443743.82009999827],[105282.17009999976,443690.43010000139],[105311.03000000119,443648.51009999961],[105334.78999999911,443665.75019999966],[105412.78999999911,443715.26009999961],[105455.76000000164,443723.34010000154],[105586.71000000089,443733.00019999966],[105642.70010000095,443759.81019999832],[105690.21799999848,443847.39710000157],[105671.75010000169,443861.31019999832],[105674.81010000035,443888.91019999981],[105667.63010000065,443923.91019999981],[105657.01000000164,443972.79250000045]]]},"properties":{"OBJECTID":50,"bu_naam":"Westeinde","wk_naam":"Moordrecht wijk 03","gm_naam":"Zuidplas","Shape_Length":1224.9294355973,"Shape_Area":53059.700721680019}},{"type":"Feature","id":51,"geometry":{"type":"Polygon","coordinates":[[[99204.407099999487,450937.25019999966],[99197.598200000823,451030.58579999954],[99193.53579999879,451029.88850000128],[99178.589999999851,451027.32319999859],[98932.984999999404,450985.59259999916],[98818.045099999756,450966.17009999976],[98811.635099999607,450905.61459999904],[98852.525800000876,450914.27149999887],[98850.900100000203,450851.80820000172],[98911.807999998331,450862.91110000014],[98920.22899999842,450912.27149999887],[99014.796000000089,450916.75429999828],[99082.247999999672,450926.2910999991],[99204.407099999487,450937.25019999966]]]},"properties":{"OBJECTID":51,"bu_naam":"Wilde Veenen","wk_naam":"Moerkapelle wijk 01","gm_naam":"Zuidplas","Shape_Length":1041.1703347345046,"Shape_Area":33683.252115889889}},{"type":"Feature","id":52,"geometry":{"type":"Polygon","coordinates":[[[101194.67399999872,442820.6409999989],[101136.04560000077,442859.41279999912],[101021.45080000162,442688.17990000173],[100982.68719999865,442630.25780000165],[100929.55579999834,442550.86609999835],[100872.22839999944,442494.815200001],[100818.29820000008,442416.64359999821],[100798.06089999899,442387.30939999968],[100835.18899999931,442369.97309999913],[100886.1099999994,442286.28519999981],[100816.92199999839,442236.06210000068],[101021.43200000003,441945.3610999994],[101039.37669999897,441920.26220000163],[101391.14059999958,442172.78660000116],[101403.91180000082,442191.1110999994],[101464.7611999996,442235.49049999937],[101455.06839999929,442248.78029999882],[101567.80719999969,442329.3900000006],[101577.93140000105,442336.62900000066],[101562.64579999819,442358.00710000098],[101607.25389999896,442389.90249999985],[101619.66039999947,442372.55099999905],[101721.46440000087,442451.68580000103],[101631.91440000013,442516.00820000097],[101457.84360000119,442641.0401000008],[101451.78750000149,442639.33159999922],[101430.29140000045,442633.26709999889],[101412.73290000111,442624.61609999835],[101370.5064000003,442633.74410000071],[101348.29089999944,442623.69170000032],[101329.4849999994,442607.26619999856],[101308.39629999921,442588.84699999914],[101253.09939999878,442570.91959999874],[101225.82970000058,442581.77690000087],[101151.34290000051,442626.97410000116],[101144.02050000057,442639.8515000008],[101156.64519999921,442676.71620000154],[101188.96510000154,442741.86050000042],[101166.48710000142,442780.16010000184],[101187.64200000092,442810.54190000147],[101194.67399999872,442820.6409999989]]]},"properties":{"OBJECTID":52,"bu_naam":"Dorrestein-Noord","wk_naam":"Nieuwerkerk aan den IJssel wijk 04","gm_naam":"Zuidplas","Shape_Length":3080.7883555067319,"Shape_Area":402257.25252000772}},{"type":"Feature","id":53,"geometry":{"type":"Polygon","coordinates":[[[102458.60179999843,443304.38819999993],[102071.71799999848,443694.6425999999],[102067.91330000013,443691.68690000102],[102063.32200000063,443688.1202000007],[101851.41910000145,443524.91770000011],[101756.55970000103,443451.85929999873],[101854.48959999904,443351.47969999909],[101891.57290000096,443314.06329999864],[101976.47830000147,443223.60269999877],[101979.37440000102,443220.51709999889],[101942.51720000058,443182.64429999888],[101924.92870000005,443160.28299999982],[101931.05020000041,443055.52089999989],[102014.60489999875,442973.67790000141],[102034.45479999855,442948.53759999946],[102178.70670000091,443018.65359999985],[102458.60179999843,443304.38819999993]]]},"properties":{"OBJECTID":53,"bu_naam":"Zuidplas Kruiden","wk_naam":"Nieuwerkerk aan den IJssel wijk 04","gm_naam":"Zuidplas","Shape_Length":2164.1688622552265,"Shape_Area":265261.00127537886}}]}